company,cik,segment,fiscal_year,rd_expense_usd,revenue_usd,rd_intensity_pct,form,filed_date,accession_number,source_type
AMD,0000002488,Fabless (x86/GPU),2000,647000000,4644000000,13.93,10-K,2001-03-21,0000002488-01-500010,SEC EDGAR 10-K Item 8 / Selected Financial Data
AMD,0000002488,Fabless (x86/GPU),2001,652000000,3892000000,16.75,10-K,2002-03-18,0000002488-02-000011,SEC EDGAR 10-K Item 8 / Selected Financial Data
AMD,0000002488,Fabless (x86/GPU),2002,846000000,2697000000,31.37,10-K,2003-03-24,0000002488-03-000014,SEC EDGAR 10-K Item 8 / Selected Financial Data
AMD,0000002488,Fabless (x86/GPU),2003,852000000,3519000000,24.21,10-K,2004-03-10,0000002488-04-000024,SEC EDGAR 10-K Item 8 / Selected Financial Data
AMD,0000002488,Fabless (x86/GPU),2004,933000000,5001000000,18.66,10-K,2005-03-09,0000002488-05-000028,SEC EDGAR 10-K Item 8 / Selected Financial Data
AMD,0000002488,Fabless (x86/GPU),2005,1100000000,5848000000,18.81,10-K,2006-03-07,0000002488-06-000041,SEC EDGAR 10-K Item 8 / Selected Financial Data
AMD,0000002488,Fabless (x86/GPU),2006,1202000000,5649000000,21.28,10-K,2007-02-28,0000002488-07-000016,SEC EDGAR 10-K Item 8 / Selected Financial Data
AMD,0000002488,Fabless (x86/GPU),2007,1770000000,6013000000,29.44,10-K,2008-02-26,0000002488-08-000018,SEC EDGAR 10-K Item 8 / Selected Financial Data
AMD,0000002488,Fabless (x86/GPU),2008,1848000000,,,10-K,2011-02-18,0001193125-11-040392,SEC EDGAR XBRL API (us-gaap:ResearchAndDevelopmentExpense)
AMD,0000002488,Fabless (x86/GPU),2009,1721000000,,,10-K,2012-02-24,0001193125-12-075837,SEC EDGAR XBRL API (us-gaap:ResearchAndDevelopmentExpense)
AMD,0000002488,Fabless (x86/GPU),2010,1405000000,6494000000,21.64,10-K,2013-02-21,0001193125-13-069422,SEC EDGAR XBRL API (us-gaap:ResearchAndDevelopmentExpense)
AMD,0000002488,Fabless (x86/GPU),2011,1453000000,6568000000,22.12,10-K,2014-02-18,0001193125-14-057240,SEC EDGAR XBRL API (us-gaap:ResearchAndDevelopmentExpense)
AMD,0000002488,Fabless (x86/GPU),2012,1354000000,5422000000,24.97,10-K,2015-02-19,0001193125-15-054362,SEC EDGAR XBRL API (us-gaap:ResearchAndDevelopmentExpense)
AMD,0000002488,Fabless (x86/GPU),2013,1201000000,5299000000,22.66,10-K,2016-02-18,0000002488-16-000111,SEC EDGAR XBRL API (us-gaap:ResearchAndDevelopmentExpense)
AMD,0000002488,Fabless (x86/GPU),2014,1072000000,5506000000,19.47,10-K,2017-02-21,0000002488-17-000043,SEC EDGAR XBRL API (us-gaap:ResearchAndDevelopmentExpense)
AMD,0000002488,Fabless (x86/GPU),2015,947000000,3991000000,23.73,10-K,2018-02-27,0000002488-18-000042,SEC EDGAR XBRL API (us-gaap:ResearchAndDevelopmentExpense)
AMD,0000002488,Fabless (x86/GPU),2016,1008000000,4319000000,23.34,10-K,2019-02-08,0000002488-19-000011,SEC EDGAR XBRL API (us-gaap:ResearchAndDevelopmentExpense)
AMD,0000002488,Fabless (x86/GPU),2017,1196000000,5253000000,22.77,10-K,2020-02-04,0000002488-20-000008,SEC EDGAR XBRL API (us-gaap:ResearchAndDevelopmentExpense)
AMD,0000002488,Fabless (x86/GPU),2018,1434000000,6475000000,22.15,10-K,2021-01-29,0001628280-21-001185,SEC EDGAR XBRL API (us-gaap:ResearchAndDevelopmentExpense)
AMD,0000002488,Fabless (x86/GPU),2019,1547000000,6731000000,22.98,10-K,2022-02-03,0000002488-22-000016,SEC EDGAR XBRL API (us-gaap:ResearchAndDevelopmentExpense)
AMD,0000002488,Fabless (x86/GPU),2020,1983000000,9763000000,20.31,10-K,2023-02-27,0000002488-23-000047,SEC EDGAR XBRL API (us-gaap:ResearchAndDevelopmentExpense)
AMD,0000002488,Fabless (x86/GPU),2021,2845000000,16434000000,17.31,10-K,2024-01-31,0000002488-24-000012,SEC EDGAR XBRL API (us-gaap:ResearchAndDevelopmentExpense)
AMD,0000002488,Fabless (x86/GPU),2022,5005000000,23601000000,21.21,10-K,2025-02-05,0000002488-25-000012,SEC EDGAR XBRL API (us-gaap:ResearchAndDevelopmentExpense)
AMD,0000002488,Fabless (x86/GPU),2023,5872000000,22680000000,25.89,10-K,2026-02-04,0000002488-26-000018,SEC EDGAR XBRL API (us-gaap:ResearchAndDevelopmentExpense)
AMD,0000002488,Fabless (x86/GPU),2024,6456000000,25785000000,25.04,10-K,2026-02-04,0000002488-26-000018,SEC EDGAR XBRL API (us-gaap:ResearchAndDevelopmentExpense)
AMD,0000002488,Fabless (x86/GPU),2025,8091000000,34639000000,23.36,10-K,2026-02-04,0000002488-26-000018,SEC EDGAR XBRL API (us-gaap:ResearchAndDevelopmentExpense)
Arm,0001973239,IP Licensor (ISA/Cores),2022,995000000,2703000000,36.81,20-F,2024-05-29,0001973239-24-000012,SEC EDGAR XBRL API (us-gaap:ResearchAndDevelopmentExpense)
Arm,0001973239,IP Licensor (ISA/Cores),2023,1133000000,2679000000,42.29,20-F,2025-05-28,0001973239-25-000016,SEC EDGAR XBRL API (us-gaap:ResearchAndDevelopmentExpense)
Arm,0001973239,IP Licensor (ISA/Cores),2024,1979000000,3233000000,61.21,20-F,2026-05-26,0001973239-26-000097,SEC EDGAR XBRL API (us-gaap:ResearchAndDevelopmentExpense)
Arm,0001973239,IP Licensor (ISA/Cores),2025,2071000000,4007000000,51.68,20-F,2026-05-26,0001973239-26-000097,SEC EDGAR XBRL API (us-gaap:ResearchAndDevelopmentExpense)
Arm,0001973239,IP Licensor (ISA/Cores),2026,2776000000,4920000000,56.42,20-F,2026-05-26,0001973239-26-000097,SEC EDGAR XBRL API (us-gaap:ResearchAndDevelopmentExpense)
Broadcom,0001730168,Fabless (Networking/ASIC),2016,2674000000,13240000000,20.2,10-K,2018-12-21,0001730168-18-000084,SEC EDGAR XBRL API (us-gaap:ResearchAndDevelopmentExpense)
Broadcom,0001730168,Fabless (Networking/ASIC),2017,3302000000,17636000000,18.72,10-K,2019-12-20,0001730168-19-000144,SEC EDGAR XBRL API (us-gaap:ResearchAndDevelopmentExpense)
Broadcom,0001730168,Fabless (Networking/ASIC),2018,3768000000,20848000000,18.07,10-K,2020-12-18,0001730168-20-000226,SEC EDGAR XBRL API (us-gaap:ResearchAndDevelopmentExpense)
Broadcom,0001730168,Fabless (Networking/ASIC),2019,4696000000,22597000000,20.78,10-K,2021-12-17,0001730168-21-000153,SEC EDGAR XBRL API (us-gaap:ResearchAndDevelopmentExpense)
Broadcom,0001730168,Fabless (Networking/ASIC),2020,4968000000,23888000000,20.8,10-K,2022-12-16,0001730168-22-000118,SEC EDGAR XBRL API (us-gaap:ResearchAndDevelopmentExpense)
Broadcom,0001730168,Fabless (Networking/ASIC),2021,4854000000,27450000000,17.68,10-K,2023-12-14,0001730168-23-000096,SEC EDGAR XBRL API (us-gaap:ResearchAndDevelopmentExpense)
Broadcom,0001730168,Fabless (Networking/ASIC),2022,4919000000,33203000000,14.81,10-K,2024-12-20,0001730168-24-000139,SEC EDGAR XBRL API (us-gaap:ResearchAndDevelopmentExpense)
Broadcom,0001730168,Fabless (Networking/ASIC),2023,5253000000,35819000000,14.67,10-K,2025-12-18,0001730168-25-000121,SEC EDGAR XBRL API (us-gaap:ResearchAndDevelopmentExpense)
Broadcom,0001730168,Fabless (Networking/ASIC),2024,9310000000,51574000000,18.05,10-K,2025-12-18,0001730168-25-000121,SEC EDGAR XBRL API (us-gaap:ResearchAndDevelopmentExpense)
Broadcom,0001730168,Fabless (Networking/ASIC),2025,10977000000,63887000000,17.18,10-K,2025-12-18,0001730168-25-000121,SEC EDGAR XBRL API (us-gaap:ResearchAndDevelopmentExpense)
Intel,0000050863,IDM (x86/Foundry),2000,3897000000,33726000000,11.55,10-K,2001-03-02,0000950130-01-000936,SEC EDGAR 10-K Item 8 / Selected Financial Data
Intel,0000050863,IDM (x86/Foundry),2001,3796000000,26539000000,14.3,10-K,2002-03-01,0000950130-02-001053,SEC EDGAR 10-K Item 8 / Selected Financial Data
Intel,0000050863,IDM (x86/Foundry),2002,4034000000,26764000000,15.07,10-K,2003-03-10,0000950130-03-001642,SEC EDGAR 10-K Item 8 / Selected Financial Data
Intel,0000050863,IDM (x86/Foundry),2003,4360000000,30141000000,14.47,10-K,2004-03-01,0000950130-04-001307,SEC EDGAR 10-K Item 8 / Selected Financial Data
Intel,0000050863,IDM (x86/Foundry),2004,4778000000,34209000000,13.97,10-K,2005-02-28,0000950130-05-000858,SEC EDGAR 10-K Item 8 / Selected Financial Data
Intel,0000050863,IDM (x86/Foundry),2005,5145000000,38826000000,13.25,10-K,2006-02-27,0000950130-06-000938,SEC EDGAR 10-K Item 8 / Selected Financial Data
Intel,0000050863,IDM (x86/Foundry),2006,5873000000,35382000000,16.6,10-K,2007-02-26,0000950130-07-000832,SEC EDGAR 10-K Item 8 / Selected Financial Data
Intel,0000050863,IDM (x86/Foundry),2007,5755000000,38334000000,15.01,10-K,2008-02-20,0000950130-08-000788,SEC EDGAR 10-K Item 8 / Selected Financial Data
Intel,0000050863,IDM (x86/Foundry),2008,5722000000,37586000000,15.22,10-K,2011-02-18,0000950123-11-015783,SEC EDGAR XBRL API (us-gaap:ResearchAndDevelopmentExpense)
Intel,0000050863,IDM (x86/Foundry),2009,5653000000,35127000000,16.09,10-K,2012-02-23,0001193125-12-075534,SEC EDGAR XBRL API (us-gaap:ResearchAndDevelopmentExpense)
Intel,0000050863,IDM (x86/Foundry),2010,6576000000,43623000000,15.07,10-K,2013-02-19,0001193125-13-065416,SEC EDGAR XBRL API (us-gaap:ResearchAndDevelopmentExpense)
Intel,0000050863,IDM (x86/Foundry),2011,8350000000,53999000000,15.46,10-K,2014-02-14,0000050863-14-000020,SEC EDGAR XBRL API (us-gaap:ResearchAndDevelopmentExpense)
Intel,0000050863,IDM (x86/Foundry),2012,10148000000,53341000000,19.02,10-K,2015-02-13,0000050863-15-000015,SEC EDGAR XBRL API (us-gaap:ResearchAndDevelopmentExpense)
Intel,0000050863,IDM (x86/Foundry),2013,10611000000,52708000000,20.13,10-K,2016-02-12,0000050863-16-000105,SEC EDGAR XBRL API (us-gaap:ResearchAndDevelopmentExpense)
Intel,0000050863,IDM (x86/Foundry),2014,11537000000,55870000000,20.65,10-K,2017-02-17,0000050863-17-000012,SEC EDGAR XBRL API (us-gaap:ResearchAndDevelopmentExpense)
Intel,0000050863,IDM (x86/Foundry),2015,12128000000,55355000000,21.91,10-K,2018-02-16,0000050863-18-000007,SEC EDGAR XBRL API (us-gaap:ResearchAndDevelopmentExpense)
Intel,0000050863,IDM (x86/Foundry),2016,12685000000,59387000000,21.36,10-K,2019-02-01,0000050863-19-000007,SEC EDGAR XBRL API (us-gaap:ResearchAndDevelopmentExpense)
Intel,0000050863,IDM (x86/Foundry),2017,13035000000,62761000000,20.77,10-K,2020-01-24,0000050863-20-000011,SEC EDGAR XBRL API (us-gaap:ResearchAndDevelopmentExpense)
Intel,0000050863,IDM (x86/Foundry),2018,13543000000,70848000000,19.12,10-K,2021-01-22,0000050863-21-000010,SEC EDGAR XBRL API (us-gaap:ResearchAndDevelopmentExpense)
Intel,0000050863,IDM (x86/Foundry),2019,13362000000,71965000000,18.57,10-K,2022-01-27,0000050863-22-000007,SEC EDGAR XBRL API (us-gaap:ResearchAndDevelopmentExpense)
Intel,0000050863,IDM (x86/Foundry),2020,13556000000,77867000000,17.41,10-K,2023-01-27,0000050863-23-000006,SEC EDGAR XBRL API (us-gaap:ResearchAndDevelopmentExpense)
Intel,0000050863,IDM (x86/Foundry),2021,15190000000,79024000000,19.22,10-K,2024-01-26,0000050863-24-000010,SEC EDGAR XBRL API (us-gaap:ResearchAndDevelopmentExpense)
Intel,0000050863,IDM (x86/Foundry),2022,17528000000,63054000000,27.8,10-K,2025-01-31,0000050863-25-000009,SEC EDGAR XBRL API (us-gaap:ResearchAndDevelopmentExpense)
Intel,0000050863,IDM (x86/Foundry),2023,16046000000,54228000000,29.59,10-K,2026-01-23,0000050863-26-000011,SEC EDGAR XBRL API (us-gaap:ResearchAndDevelopmentExpense)
Intel,0000050863,IDM (x86/Foundry),2024,16546000000,53101000000,31.16,10-K,2026-01-23,0000050863-26-000011,SEC EDGAR XBRL API (us-gaap:ResearchAndDevelopmentExpense)
Intel,0000050863,IDM (x86/Foundry),2025,13774000000,52853000000,26.06,10-K,2026-01-23,0000050863-26-000011,SEC EDGAR XBRL API (us-gaap:ResearchAndDevelopmentExpense)
NVIDIA,0001045810,Fabless (GPU/AI),2001,81577000,735160000,11.1,10-K,2001-04-18,0001012870-01-500624,SEC EDGAR 10-K Item 8 / Selected Financial Data
NVIDIA,0001045810,Fabless (GPU/AI),2002,150619000,1374945000,10.95,10-K,2002-04-17,0000912057-02-015509,SEC EDGAR 10-K Item 8 / Selected Financial Data
NVIDIA,0001045810,Fabless (GPU/AI),2003,207438000,1909623000,10.86,10-K,2003-03-27,0000950149-03-000494,SEC EDGAR 10-K Item 8 / Selected Financial Data
NVIDIA,0001045810,Fabless (GPU/AI),2004,247070000,1823377000,13.55,10-K,2004-03-12,0001193125-04-040217,SEC EDGAR 10-K Item 8 / Selected Financial Data
NVIDIA,0001045810,Fabless (GPU/AI),2005,354674000,2009890000,17.65,10-K,2005-04-14,0001193125-05-077583,SEC EDGAR 10-K Item 8 / Selected Financial Data
NVIDIA,0001045810,Fabless (GPU/AI),2006,353597000,2375440000,14.89,10-K,2006-04-17,0001193125-06-081822,SEC EDGAR 10-K Item 8 / Selected Financial Data
NVIDIA,0001045810,Fabless (GPU/AI),2007,553257000,3068949000,18.03,10-K,2007-04-13,0001193125-07-080880,SEC EDGAR 10-K Item 8 / Selected Financial Data
NVIDIA,0001045810,Fabless (GPU/AI),2008,691637000,4097860000,16.88,10-K,2010-03-18,0001045810-10-000006,SEC EDGAR XBRL API (us-gaap:ResearchAndDevelopmentExpense)
NVIDIA,0001045810,Fabless (GPU/AI),2009,855879000,3424859000,24.99,10-K,2011-03-16,0001045810-11-000015,SEC EDGAR XBRL API (us-gaap:ResearchAndDevelopmentExpense)
NVIDIA,0001045810,Fabless (GPU/AI),2010,908851000,3326445000,27.32,10-K,2012-03-13,0001045810-12-000013,SEC EDGAR XBRL API (us-gaap:ResearchAndDevelopmentExpense)
NVIDIA,0001045810,Fabless (GPU/AI),2011,848830000,3543309000,23.96,10-K,2013-03-12,0001045810-13-000008,SEC EDGAR XBRL API (us-gaap:ResearchAndDevelopmentExpense)
NVIDIA,0001045810,Fabless (GPU/AI),2012,1002605000,3997930000,25.08,10-K,2014-03-13,0001045810-14-000030,SEC EDGAR XBRL API (us-gaap:ResearchAndDevelopmentExpense)
NVIDIA,0001045810,Fabless (GPU/AI),2013,1147282000,4280159000,26.8,10-K,2015-03-12,0001045810-15-000036,SEC EDGAR XBRL API (us-gaap:ResearchAndDevelopmentExpense)
NVIDIA,0001045810,Fabless (GPU/AI),2014,1336000000,4130000000,32.35,10-K,2016-03-17,0001045810-16-000205,SEC EDGAR XBRL API (us-gaap:ResearchAndDevelopmentExpense)
NVIDIA,0001045810,Fabless (GPU/AI),2015,1360000000,4682000000,29.05,10-K,2017-03-01,0001045810-17-000027,SEC EDGAR XBRL API (us-gaap:ResearchAndDevelopmentExpense)
NVIDIA,0001045810,Fabless (GPU/AI),2016,1331000000,5010000000,26.57,10-K,2018-02-28,0001045810-18-000010,SEC EDGAR XBRL API (us-gaap:ResearchAndDevelopmentExpense)
NVIDIA,0001045810,Fabless (GPU/AI),2017,1463000000,6910000000,21.17,10-K,2019-02-21,0001045810-19-000023,SEC EDGAR XBRL API (us-gaap:ResearchAndDevelopmentExpense)
NVIDIA,0001045810,Fabless (GPU/AI),2018,1797000000,9714000000,18.5,10-K,2020-02-20,0001045810-20-000010,SEC EDGAR XBRL API (us-gaap:ResearchAndDevelopmentExpense)
NVIDIA,0001045810,Fabless (GPU/AI),2019,2376000000,11716000000,20.28,10-K,2021-02-26,0001045810-21-000010,SEC EDGAR XBRL API (us-gaap:ResearchAndDevelopmentExpense)
NVIDIA,0001045810,Fabless (GPU/AI),2020,2829000000,10918000000,25.91,10-K,2022-03-18,0001045810-22-000036,SEC EDGAR XBRL API (us-gaap:ResearchAndDevelopmentExpense)
NVIDIA,0001045810,Fabless (GPU/AI),2021,3924000000,16675000000,23.53,10-K,2023-02-24,0001045810-23-000017,SEC EDGAR XBRL API (us-gaap:ResearchAndDevelopmentExpense)
NVIDIA,0001045810,Fabless (GPU/AI),2022,5268000000,26914000000,19.57,10-K,2024-02-21,0001045810-24-000029,SEC EDGAR XBRL API (us-gaap:ResearchAndDevelopmentExpense)
NVIDIA,0001045810,Fabless (GPU/AI),2023,7339000000,26974000000,27.21,10-K,2025-02-26,0001045810-25-000023,SEC EDGAR XBRL API (us-gaap:ResearchAndDevelopmentExpense)
NVIDIA,0001045810,Fabless (GPU/AI),2024,8675000000,60922000000,14.24,10-K,2026-02-25,0001045810-26-000021,SEC EDGAR XBRL API (us-gaap:ResearchAndDevelopmentExpense)
NVIDIA,0001045810,Fabless (GPU/AI),2025,12914000000,130497000000,9.9,10-K,2026-02-25,0001045810-26-000021,SEC EDGAR XBRL API (us-gaap:ResearchAndDevelopmentExpense)
NVIDIA,0001045810,Fabless (GPU/AI),2026,18497000000,215938000000,8.57,10-K,2026-02-25,0001045810-26-000021,SEC EDGAR XBRL API (us-gaap:ResearchAndDevelopmentExpense)
Qualcomm,0000804328,Fabless (Mobile SoC),2000,342000000,3197000000,10.7,10-K,2000-11-20,0000804328-00-500012,SEC EDGAR 10-K Item 8 / Selected Financial Data
Qualcomm,0000804328,Fabless (Mobile SoC),2001,415000000,2680000000,15.49,10-K,2001-11-16,0000804328-01-500011,SEC EDGAR 10-K Item 8 / Selected Financial Data
Qualcomm,0000804328,Fabless (Mobile SoC),2002,452000000,3040000000,14.87,10-K,2002-11-15,0000804328-02-000012,SEC EDGAR 10-K Item 8 / Selected Financial Data
Qualcomm,0000804328,Fabless (Mobile SoC),2003,523000000,3971000000,13.17,10-K,2003-11-06,0000804328-03-000030,SEC EDGAR 10-K Item 8 / Selected Financial Data
Qualcomm,0000804328,Fabless (Mobile SoC),2004,720000000,4880000000,14.75,10-K,2004-11-04,0000804328-04-000045,SEC EDGAR 10-K Item 8 / Selected Financial Data
Qualcomm,0000804328,Fabless (Mobile SoC),2005,1011000000,5673000000,17.82,10-K,2005-11-03,0000804328-05-000039,SEC EDGAR 10-K Item 8 / Selected Financial Data
Qualcomm,0000804328,Fabless (Mobile SoC),2006,1538000000,7526000000,20.44,10-K,2006-11-08,0000804328-06-000057,SEC EDGAR 10-K Item 8 / Selected Financial Data
Qualcomm,0000804328,Fabless (Mobile SoC),2007,1831000000,8871000000,20.64,10-K,2007-11-07,0000804328-07-000048,SEC EDGAR 10-K Item 8 / Selected Financial Data
Qualcomm,0000804328,Fabless (Mobile SoC),2008,2281000000,11142000000,20.47,10-K,2010-11-03,0000950123-10-100207,SEC EDGAR XBRL API (us-gaap:ResearchAndDevelopmentExpense)
Qualcomm,0000804328,Fabless (Mobile SoC),2009,2345000000,10387000000,22.58,10-K,2011-11-02,0001234452-11-000360,SEC EDGAR XBRL API (us-gaap:ResearchAndDevelopmentExpense)
Qualcomm,0000804328,Fabless (Mobile SoC),2010,2451000000,10982000000,22.32,10-K,2012-11-07,0001234452-12-000371,SEC EDGAR XBRL API (us-gaap:ResearchAndDevelopmentExpense)
Qualcomm,0000804328,Fabless (Mobile SoC),2011,2995000000,14957000000,20.02,10-K,2013-11-06,0001234452-13-000483,SEC EDGAR XBRL API (us-gaap:ResearchAndDevelopmentExpense)
Qualcomm,0000804328,Fabless (Mobile SoC),2012,3915000000,19121000000,20.47,10-K,2014-11-05,0001234452-14-000320,SEC EDGAR XBRL API (us-gaap:ResearchAndDevelopmentExpense)
Qualcomm,0000804328,Fabless (Mobile SoC),2013,4967000000,24866000000,19.98,10-K,2015-11-04,0001234452-15-000271,SEC EDGAR XBRL API (us-gaap:ResearchAndDevelopmentExpense)
Qualcomm,0000804328,Fabless (Mobile SoC),2014,5477000000,26487000000,20.68,10-K,2016-11-02,0001234452-16-000552,SEC EDGAR XBRL API (us-gaap:ResearchAndDevelopmentExpense)
Qualcomm,0000804328,Fabless (Mobile SoC),2015,5490000000,25281000000,21.72,10-K,2017-11-01,0001234452-17-000190,SEC EDGAR XBRL API (us-gaap:ResearchAndDevelopmentExpense)
Qualcomm,0000804328,Fabless (Mobile SoC),2016,5151000000,23554000000,21.87,10-K,2018-11-07,0001728949-18-000095,SEC EDGAR XBRL API (us-gaap:ResearchAndDevelopmentExpense)
Qualcomm,0000804328,Fabless (Mobile SoC),2017,5485000000,22258000000,24.64,10-K,2019-11-06,0001728949-19-000072,SEC EDGAR XBRL API (us-gaap:ResearchAndDevelopmentExpense)
Qualcomm,0000804328,Fabless (Mobile SoC),2018,5625000000,22611000000,24.88,10-K,2020-11-04,0001728949-20-000067,SEC EDGAR XBRL API (us-gaap:ResearchAndDevelopmentExpense)
Qualcomm,0000804328,Fabless (Mobile SoC),2019,5398000000,24273000000,22.24,10-K,2021-11-03,0001728949-21-000076,SEC EDGAR XBRL API (us-gaap:ResearchAndDevelopmentExpense)
Qualcomm,0000804328,Fabless (Mobile SoC),2020,5975000000,23531000000,25.39,10-K,2022-11-02,0000804328-22-000021,SEC EDGAR XBRL API (us-gaap:ResearchAndDevelopmentExpense)
Qualcomm,0000804328,Fabless (Mobile SoC),2021,7176000000,33566000000,21.38,10-K,2023-11-01,0000804328-23-000055,SEC EDGAR XBRL API (us-gaap:ResearchAndDevelopmentExpense)
Qualcomm,0000804328,Fabless (Mobile SoC),2022,8194000000,44200000000,18.54,10-K,2024-11-06,0000804328-24-000075,SEC EDGAR XBRL API (us-gaap:ResearchAndDevelopmentExpense)
Qualcomm,0000804328,Fabless (Mobile SoC),2023,8818000000,35820000000,24.62,10-K,2025-11-05,0000804328-25-000085,SEC EDGAR XBRL API (us-gaap:ResearchAndDevelopmentExpense)
Qualcomm,0000804328,Fabless (Mobile SoC),2024,8893000000,38962000000,22.82,10-K,2025-11-05,0000804328-25-000085,SEC EDGAR XBRL API (us-gaap:ResearchAndDevelopmentExpense)
Qualcomm,0000804328,Fabless (Mobile SoC),2025,9042000000,44284000000,20.42,10-K,2025-11-05,0000804328-25-000085,SEC EDGAR XBRL API (us-gaap:ResearchAndDevelopmentExpense)
