# Wilson Research Group / Siemens EDA (formerly Mentor Graphics) IC/ASIC functional verification studies, Harry Foster.
# Rebuilt 2026-09-29 from values printed on published charts or stated in text; every value carries its own source.
# Blank cells mean no printed or stated value exists for that year; the figure does not plot them.
# Removed in this rebuild (not verifiable or contradicted by the published reports):
#   - Collett International 2002 and 2004 rows: the verification-time values were not found in any accessible source,
#     and the 2004 first-silicon value disagreed with Foster's published chart.
#   - avg verification time 58% for 2024 and 57% for 2022: neither report publishes a mean; the 2024 "58 percent" is the
#     share of projects using a RISC-V processor.
#   - first-silicon values for 2007-2018 that were never printed (only unlabeled bars exist); 2007 was also wrong.
#   - all respin-cause percentages: they disagreed with the published charts (e.g., 2024 analog 43 vs about 30).
#   - 2007 verification time: Foster's sources disagree (46% in DAC 2015 Fig. 3, 49% in the 2012 study Part 5 Fig. 1).
# Sources:
#   [P5-2012] Foster, "Part 5: The 2012 Wilson Research Group Functional Verification Study", Verification Horizons, 2013-07-15, Fig. 1 (means 2010 and 2012)
#   [DAC15]   Foster, "Trends in Functional Verification: A 2014 Industry Study", DAC 2015, doi:10.1145/2744769.2744921 (first silicon "about 30 percent")
#   [P8-2020] Foster, "Part 8: The 2020 Wilson Research Group Functional Verification Study", Verification Horizons, 2021-01-06, Figs. 8-1 (averages 2014-2020) and 8-2 (engineers 2007-2020)
#   [P12-2020] Foster, "Part 12: The 2020 Wilson Research Group Functional Verification Study", 2021-02-03 (first silicon about 32 percent)
#   [P8-2022] Foster2022WilsonVerificationStudy (2022 engineers: unlabeled bars constrained by the stated +50%/+146% growth since 2007)
#   [P12-2022] Foster, "Part 12: The 2022 Wilson Research Group Functional Verification Study", 2023-01-09 (first silicon 24 percent)
#   [WP2024]  Foster2025WilsonVerification2024, white paper WP-86424-D3 (14 percent first silicon; engineers derived from the stated 2016-2024 CAGRs of 2.4% design and 3.0% verification applied to the 2016 printed values)
study_year,avg_pct_project_time_in_verification,verification_time_source,first_silicon_success_pct,first_silicon_source,mean_peak_design_engineers,mean_peak_verification_engineers,engineers_evidence,engineers_source
2007,,,,,7.8,4.8,printed_data_label,P8-2020 Fig. 8-2
2010,56,P5-2012 Fig. 1 (printed mean),,,8.1,7.6,printed_data_label,P8-2020 Fig. 8-2
2012,56,P5-2012 Fig. 1 (printed mean),,,8.5,8.4,printed_data_label,P8-2020 Fig. 8-2
2014,57,P8-2020 Fig. 8-1 (printed average),30,"DAC15 text (""about 30 percent"")",10.1,11.0,printed_data_label,P8-2020 Fig. 8-2
2016,54,P8-2020 Fig. 8-1 (printed average),,,10.5,11.6,printed_data_label,P8-2020 Fig. 8-2
2018,53,P8-2020 Fig. 8-1 (printed average),,,10.5,11.0,printed_data_label,P8-2020 Fig. 8-2
2020,56,P8-2020 Fig. 8-1 (printed average),32,"P12-2020 text (""about 32 percent"")",10.3,11.4,printed_data_label,P8-2020 Fig. 8-2
2022,,,24,P12-2022 text,11.7,11.8,derived_from_stated_growth,P8-2022
2024,,,14,WP2024 text,12.7,14.7,derived_from_stated_growth,WP2024
