# Mutation-based compliance testing for RISC-V (Herdt, Tempel, Grosse, Drechsler, ASP-DAC 2021)
# Source: Table 1 totals and Section V text of the paper, DOI 10.1145/3394885.3431584.
# Mutants are single mutations of a reference RISC-V instruction-set simulator
#   (ISS), nine mutation classes, not RTL faults. Each stage runs only on the
#   mutants that survived the previous stage.
# Transcribed 2026-09-28 from the authors' PDF
#   (https://agra.informatik.uni-bremen.de/doc/konf/ASP-DAC-2021_Mutation_based_Compliance_Testing.pdf).
# The paper reports no line, branch, or toggle coverage.
stage_order,stage,tests_description,mutants_entering,mutants_killed,mutants_surviving,kill_pct_of_entering,citation,url
1,Official compliance tests,48 official RISC-V compliance tests,2455,2263,192,92.2,"Herdt et al., ASP-DAC 2021, Table 1",https://doi.org/10.1145/3394885.3431584
2,Specification-based compliance tests,about 8900 additional specification-based tests,192,91,101,47.4,"Herdt et al., ASP-DAC 2021, Table 1",https://doi.org/10.1145/3394885.3431584
3,Symbolic-execution mutation tests,101 generated targeted tests,101,101,0,100.0,"Herdt et al., ASP-DAC 2021, Table 1",https://doi.org/10.1145/3394885.3431584
