Year,Category,Count,SharePercentage
1973,Domain Accelerators & AI,0,0.0
1973,Memory Hierarchy,0,0.0
1973,Multicore & Coherence,0,0.0
1973,Software/Compilers,11,27.5
1973,Verification/Tools,0,0.0
1973,CPU Microarchitecture,29,72.5
1974,Domain Accelerators & AI,0,0.0
1974,Memory Hierarchy,2,8.7
1974,Multicore & Coherence,0,0.0
1974,Software/Compilers,2,8.7
1974,Verification/Tools,0,0.0
1974,CPU Microarchitecture,19,82.61
1975,Domain Accelerators & AI,0,0.0
1975,Memory Hierarchy,0,0.0
1975,Multicore & Coherence,0,0.0
1975,Software/Compilers,0,0.0
1975,Verification/Tools,0,0.0
1975,CPU Microarchitecture,14,100.0
1977,Domain Accelerators & AI,0,0.0
1977,Memory Hierarchy,0,0.0
1977,Multicore & Coherence,0,0.0
1977,Software/Compilers,0,0.0
1977,Verification/Tools,0,0.0
1977,CPU Microarchitecture,10,100.0
1978,Domain Accelerators & AI,0,0.0
1978,Memory Hierarchy,0,0.0
1978,Multicore & Coherence,0,0.0
1978,Software/Compilers,0,0.0
1978,Verification/Tools,1,1.85
1978,CPU Microarchitecture,53,98.15
1979,Domain Accelerators & AI,0,0.0
1979,Memory Hierarchy,0,0.0
1979,Multicore & Coherence,0,0.0
1979,Software/Compilers,0,0.0
1979,Verification/Tools,0,0.0
1979,CPU Microarchitecture,3,100.0
1980,Domain Accelerators & AI,0,0.0
1980,Memory Hierarchy,0,0.0
1980,Multicore & Coherence,0,0.0
1980,Software/Compilers,1,12.5
1980,Verification/Tools,0,0.0
1980,CPU Microarchitecture,7,87.5
1981,Domain Accelerators & AI,0,0.0
1981,Memory Hierarchy,0,0.0
1981,Multicore & Coherence,0,0.0
1981,Software/Compilers,0,0.0
1981,Verification/Tools,0,0.0
1981,CPU Microarchitecture,25,100.0
1982,Domain Accelerators & AI,1,2.7
1982,Memory Hierarchy,4,10.81
1982,Multicore & Coherence,0,0.0
1982,Software/Compilers,9,24.32
1982,Verification/Tools,0,0.0
1982,CPU Microarchitecture,23,62.16
1983,Domain Accelerators & AI,1,2.33
1983,Memory Hierarchy,0,0.0
1983,Multicore & Coherence,0,0.0
1983,Software/Compilers,0,0.0
1983,Verification/Tools,1,2.33
1983,CPU Microarchitecture,41,95.35
1984,Domain Accelerators & AI,0,0.0
1984,Memory Hierarchy,0,0.0
1984,Multicore & Coherence,0,0.0
1984,Software/Compilers,0,0.0
1984,Verification/Tools,0,0.0
1984,CPU Microarchitecture,16,100.0
1985,Domain Accelerators & AI,1,6.67
1985,Memory Hierarchy,0,0.0
1985,Multicore & Coherence,0,0.0
1985,Software/Compilers,1,6.67
1985,Verification/Tools,0,0.0
1985,CPU Microarchitecture,13,86.67
1986,Domain Accelerators & AI,1,33.33
1986,Memory Hierarchy,1,33.33
1986,Multicore & Coherence,0,0.0
1986,Software/Compilers,0,0.0
1986,Verification/Tools,0,0.0
1986,CPU Microarchitecture,1,33.33
1987,Domain Accelerators & AI,0,0.0
1987,Memory Hierarchy,3,8.33
1987,Multicore & Coherence,0,0.0
1987,Software/Compilers,5,13.89
1987,Verification/Tools,1,2.78
1987,CPU Microarchitecture,27,75.0
1988,Domain Accelerators & AI,0,0.0
1988,Memory Hierarchy,0,0.0
1988,Multicore & Coherence,0,0.0
1988,Software/Compilers,0,0.0
1988,Verification/Tools,0,0.0
1988,CPU Microarchitecture,2,100.0
1989,Domain Accelerators & AI,0,0.0
1989,Memory Hierarchy,7,11.29
1989,Multicore & Coherence,6,9.68
1989,Software/Compilers,7,11.29
1989,Verification/Tools,0,0.0
1989,CPU Microarchitecture,42,67.74
1990,Domain Accelerators & AI,0,0.0
1990,Memory Hierarchy,0,0.0
1990,Multicore & Coherence,0,0.0
1990,Software/Compilers,0,0.0
1990,Verification/Tools,0,0.0
1990,CPU Microarchitecture,4,100.0
1991,Domain Accelerators & AI,0,0.0
1991,Memory Hierarchy,12,17.65
1991,Multicore & Coherence,1,1.47
1991,Software/Compilers,8,11.76
1991,Verification/Tools,0,0.0
1991,CPU Microarchitecture,47,69.12
1992,Domain Accelerators & AI,0,0.0
1992,Memory Hierarchy,8,22.86
1992,Multicore & Coherence,1,2.86
1992,Software/Compilers,1,2.86
1992,Verification/Tools,0,0.0
1992,CPU Microarchitecture,25,71.43
1993,Domain Accelerators & AI,0,0.0
1993,Memory Hierarchy,3,5.26
1993,Multicore & Coherence,0,0.0
1993,Software/Compilers,3,5.26
1993,Verification/Tools,1,1.75
1993,CPU Microarchitecture,50,87.72
1994,Domain Accelerators & AI,1,1.23
1994,Memory Hierarchy,10,12.35
1994,Multicore & Coherence,1,1.23
1994,Software/Compilers,12,14.81
1994,Verification/Tools,1,1.23
1994,CPU Microarchitecture,56,69.14
1995,Domain Accelerators & AI,0,0.0
1995,Memory Hierarchy,7,10.29
1995,Multicore & Coherence,0,0.0
1995,Software/Compilers,2,2.94
1995,Verification/Tools,1,1.47
1995,CPU Microarchitecture,58,85.29
1996,Domain Accelerators & AI,0,0.0
1996,Memory Hierarchy,14,20.29
1996,Multicore & Coherence,5,7.25
1996,Software/Compilers,6,8.7
1996,Verification/Tools,2,2.9
1996,CPU Microarchitecture,42,60.87
1997,Domain Accelerators & AI,0,0.0
1997,Memory Hierarchy,7,17.07
1997,Multicore & Coherence,4,9.76
1997,Software/Compilers,1,2.44
1997,Verification/Tools,1,2.44
1997,CPU Microarchitecture,28,68.29
1998,Domain Accelerators & AI,1,1.45
1998,Memory Hierarchy,10,14.49
1998,Multicore & Coherence,0,0.0
1998,Software/Compilers,3,4.35
1998,Verification/Tools,3,4.35
1998,CPU Microarchitecture,52,75.36
1999,Domain Accelerators & AI,0,0.0
1999,Memory Hierarchy,29,27.62
1999,Multicore & Coherence,5,4.76
1999,Software/Compilers,1,0.95
1999,Verification/Tools,1,0.95
1999,CPU Microarchitecture,69,65.71
2000,Domain Accelerators & AI,0,0.0
2000,Memory Hierarchy,6,7.06
2000,Multicore & Coherence,0,0.0
2000,Software/Compilers,6,7.06
2000,Verification/Tools,5,5.88
2000,CPU Microarchitecture,68,80.0
2001,Domain Accelerators & AI,0,0.0
2001,Memory Hierarchy,2,3.57
2001,Multicore & Coherence,0,0.0
2001,Software/Compilers,5,8.93
2001,Verification/Tools,2,3.57
2001,CPU Microarchitecture,47,83.93
2002,Domain Accelerators & AI,1,0.17
2002,Memory Hierarchy,140,24.14
2002,Multicore & Coherence,25,4.31
2002,Software/Compilers,42,7.24
2002,Verification/Tools,8,1.38
2002,CPU Microarchitecture,364,62.76
2003,Domain Accelerators & AI,2,1.27
2003,Memory Hierarchy,37,23.42
2003,Multicore & Coherence,2,1.27
2003,Software/Compilers,9,5.7
2003,Verification/Tools,3,1.9
2003,CPU Microarchitecture,105,66.46
2004,Domain Accelerators & AI,1,0.4
2004,Memory Hierarchy,36,14.46
2004,Multicore & Coherence,5,2.01
2004,Software/Compilers,9,3.61
2004,Verification/Tools,16,6.43
2004,CPU Microarchitecture,182,73.09
2005,Domain Accelerators & AI,1,0.22
2005,Memory Hierarchy,108,23.58
2005,Multicore & Coherence,16,3.49
2005,Software/Compilers,23,5.02
2005,Verification/Tools,6,1.31
2005,CPU Microarchitecture,304,66.38
2006,Domain Accelerators & AI,3,1.28
2006,Memory Hierarchy,52,22.13
2006,Multicore & Coherence,12,5.11
2006,Software/Compilers,11,4.68
2006,Verification/Tools,1,0.43
2006,CPU Microarchitecture,156,66.38
2007,Domain Accelerators & AI,5,2.26
2007,Memory Hierarchy,53,23.98
2007,Multicore & Coherence,26,11.76
2007,Software/Compilers,8,3.62
2007,Verification/Tools,7,3.17
2007,CPU Microarchitecture,122,55.2
2008,Domain Accelerators & AI,9,3.49
2008,Memory Hierarchy,38,14.73
2008,Multicore & Coherence,24,9.3
2008,Software/Compilers,8,3.1
2008,Verification/Tools,10,3.88
2008,CPU Microarchitecture,169,65.5
2009,Domain Accelerators & AI,10,3.66
2009,Memory Hierarchy,47,17.22
2009,Multicore & Coherence,37,13.55
2009,Software/Compilers,2,0.73
2009,Verification/Tools,6,2.2
2009,CPU Microarchitecture,171,62.64
2010,Domain Accelerators & AI,5,2.7
2010,Memory Hierarchy,30,16.22
2010,Multicore & Coherence,20,10.81
2010,Software/Compilers,2,1.08
2010,Verification/Tools,7,3.78
2010,CPU Microarchitecture,121,65.41
2011,Domain Accelerators & AI,10,3.51
2011,Memory Hierarchy,49,17.19
2011,Multicore & Coherence,34,11.93
2011,Software/Compilers,16,5.61
2011,Verification/Tools,3,1.05
2011,CPU Microarchitecture,173,60.7
2012,Domain Accelerators & AI,13,6.28
2012,Memory Hierarchy,42,20.29
2012,Multicore & Coherence,13,6.28
2012,Software/Compilers,8,3.86
2012,Verification/Tools,4,1.93
2012,CPU Microarchitecture,127,61.35
2013,Domain Accelerators & AI,15,6.64
2013,Memory Hierarchy,27,11.95
2013,Multicore & Coherence,11,4.87
2013,Software/Compilers,9,3.98
2013,Verification/Tools,4,1.77
2013,CPU Microarchitecture,160,70.8
2014,Domain Accelerators & AI,23,10.55
2014,Memory Hierarchy,29,13.3
2014,Multicore & Coherence,12,5.5
2014,Software/Compilers,11,5.05
2014,Verification/Tools,4,1.83
2014,CPU Microarchitecture,139,63.76
2015,Domain Accelerators & AI,19,8.19
2015,Memory Hierarchy,32,13.79
2015,Multicore & Coherence,13,5.6
2015,Software/Compilers,11,4.74
2015,Verification/Tools,0,0.0
2015,CPU Microarchitecture,157,67.67
2016,Domain Accelerators & AI,38,12.46
2016,Memory Hierarchy,62,20.33
2016,Multicore & Coherence,8,2.62
2016,Software/Compilers,15,4.92
2016,Verification/Tools,7,2.3
2016,CPU Microarchitecture,175,57.38
2017,Domain Accelerators & AI,35,10.36
2017,Memory Hierarchy,59,17.46
2017,Multicore & Coherence,16,4.73
2017,Software/Compilers,11,3.25
2017,Verification/Tools,4,1.18
2017,CPU Microarchitecture,213,63.02
2018,Domain Accelerators & AI,51,14.45
2018,Memory Hierarchy,72,20.4
2018,Multicore & Coherence,17,4.82
2018,Software/Compilers,10,2.83
2018,Verification/Tools,5,1.42
2018,CPU Microarchitecture,198,56.09
2019,Domain Accelerators & AI,46,11.76
2019,Memory Hierarchy,55,14.07
2019,Multicore & Coherence,9,2.3
2019,Software/Compilers,18,4.6
2019,Verification/Tools,6,1.53
2019,CPU Microarchitecture,257,65.73
2020,Domain Accelerators & AI,83,19.21
2020,Memory Hierarchy,54,12.5
2020,Multicore & Coherence,12,2.78
2020,Software/Compilers,10,2.31
2020,Verification/Tools,8,1.85
2020,CPU Microarchitecture,265,61.34
2021,Domain Accelerators & AI,83,22.13
2021,Memory Hierarchy,55,14.67
2021,Multicore & Coherence,18,4.8
2021,Software/Compilers,12,3.2
2021,Verification/Tools,9,2.4
2021,CPU Microarchitecture,198,52.8
2022,Domain Accelerators & AI,91,17.74
2022,Memory Hierarchy,94,18.32
2022,Multicore & Coherence,15,2.92
2022,Software/Compilers,17,3.31
2022,Verification/Tools,15,2.92
2022,CPU Microarchitecture,281,54.78
2023,Domain Accelerators & AI,158,24.35
2023,Memory Hierarchy,100,15.41
2023,Multicore & Coherence,9,1.39
2023,Software/Compilers,26,4.01
2023,Verification/Tools,12,1.85
2023,CPU Microarchitecture,344,53.0
2024,Domain Accelerators & AI,151,23.27
2024,Memory Hierarchy,102,15.72
2024,Multicore & Coherence,9,1.39
2024,Software/Compilers,24,3.7
2024,Verification/Tools,19,2.93
2024,CPU Microarchitecture,344,53.0
2025,Domain Accelerators & AI,222,27.48
2025,Memory Hierarchy,122,15.1
2025,Multicore & Coherence,19,2.35
2025,Software/Compilers,21,2.6
2025,Verification/Tools,20,2.48
2025,CPU Microarchitecture,404,50.0
2026,Domain Accelerators & AI,148,33.64
2026,Memory Hierarchy,62,14.09
2026,Multicore & Coherence,6,1.36
2026,Software/Compilers,8,1.82
2026,Verification/Tools,15,3.41
2026,CPU Microarchitecture,201,45.68
