DesignName,DesignDomain,DesignDescription,TopModule,SeedIndex,PassSequence,PassLength,ChipArea_um2,SequentialArea_um2,CombinationalArea_um2,SequentialAreaPct,TotalCellCount,WireCount,PeakMemory_MB,WallClockTime_s,UserTime_s,SystemTime_s,ExitCode,Timestamp,Provenance_Tool,Provenance_Library,Provenance_Platform,Provenance_Processor
picorv32,RISC-V CPU Core,RV32IMC Integer Core (YosysHQ),picorv32,1,strash; refactor; rewrite -z; resub; balance; resub; refactor -z; balance; map,6,16343.5720,7076.9300,9266.6420,43.30,878,8113,91.69,3.4108,1.1000,0.0500,0,2026-08-22T18:08:01.140732,Yosys 0.67+post (git sha1 b8e7da6f40ae8f552c116bf6c359b07c6533e159),NangateOpenCellLibrary_typical.lib (45nm OpenROAD),macOS-26.4-arm64-arm-64bit-Mach-O,arm
picorv32,RISC-V CPU Core,RV32IMC Integer Core (YosysHQ),picorv32,2,strash; resub; refactor; fraig; rewrite -z; refactor -z; rewrite; balance; map,6,16310.8540,7076.9300,9233.9240,43.39,878,8113,85.95,3.3777,1.2000,0.0500,0,2026-08-22T18:08:04.550629,Yosys 0.67+post (git sha1 b8e7da6f40ae8f552c116bf6c359b07c6533e159),NangateOpenCellLibrary_typical.lib (45nm OpenROAD),macOS-26.4-arm64-arm-64bit-Mach-O,arm
picorv32,RISC-V CPU Core,RV32IMC Integer Core (YosysHQ),picorv32,3,strash; dc2; refactor; dc2; resub; fraig; dc2; balance; map,6,15820.8820,7076.9300,8743.9520,44.73,878,8113,92.42,5.2189,1.1900,0.0600,0,2026-08-22T18:08:09.779563,Yosys 0.67+post (git sha1 b8e7da6f40ae8f552c116bf6c359b07c6533e159),NangateOpenCellLibrary_typical.lib (45nm OpenROAD),macOS-26.4-arm64-arm-64bit-Mach-O,arm
picorv32,RISC-V CPU Core,RV32IMC Integer Core (YosysHQ),picorv32,4,strash; balance; fraig; rewrite -z; rewrite -z; balance; resub -z; balance; map,6,16184.5040,7076.9300,9107.5740,43.73,878,8113,74.02,3.6334,1.3500,0.0600,0,2026-08-22T18:08:13.420153,Yosys 0.67+post (git sha1 b8e7da6f40ae8f552c116bf6c359b07c6533e159),NangateOpenCellLibrary_typical.lib (45nm OpenROAD),macOS-26.4-arm64-arm-64bit-Mach-O,arm
picorv32,RISC-V CPU Core,RV32IMC Integer Core (YosysHQ),picorv32,5,strash; refactor; fraig; balance; rewrite -z; rewrite; dc2; balance; map,6,15916.9080,7076.9300,8839.9780,44.46,878,8113,94.55,3.5374,1.2200,0.0500,0,2026-08-22T18:08:16.964484,Yosys 0.67+post (git sha1 b8e7da6f40ae8f552c116bf6c359b07c6533e159),NangateOpenCellLibrary_typical.lib (45nm OpenROAD),macOS-26.4-arm64-arm-64bit-Mach-O,arm
picorv32,RISC-V CPU Core,RV32IMC Integer Core (YosysHQ),picorv32,6,strash; rewrite -z; balance; fraig; dc2; refactor; rewrite; balance; map,6,16035.2780,7076.9300,8958.3480,44.13,878,8113,74.42,3.8613,1.1200,0.0800,0,2026-08-22T18:08:20.832826,Yosys 0.67+post (git sha1 b8e7da6f40ae8f552c116bf6c359b07c6533e159),NangateOpenCellLibrary_typical.lib (45nm OpenROAD),macOS-26.4-arm64-arm-64bit-Mach-O,arm
picorv32,RISC-V CPU Core,RV32IMC Integer Core (YosysHQ),picorv32,7,strash; balance; resub; refactor; balance; refactor -z; resub; balance; map,6,16290.1060,7076.9300,9213.1760,43.44,878,8113,80.44,2.8832,1.0800,0.0500,0,2026-08-22T18:08:23.723695,Yosys 0.67+post (git sha1 b8e7da6f40ae8f552c116bf6c359b07c6533e159),NangateOpenCellLibrary_typical.lib (45nm OpenROAD),macOS-26.4-arm64-arm-64bit-Mach-O,arm
picorv32,RISC-V CPU Core,RV32IMC Integer Core (YosysHQ),picorv32,8,strash; resub; resub -z; refactor; dc2; dc2; refactor -z; balance; map,6,16091.1380,7076.9300,9014.2080,43.98,878,8113,92.38,4.4278,1.0500,0.0500,0,2026-08-22T18:08:28.162724,Yosys 0.67+post (git sha1 b8e7da6f40ae8f552c116bf6c359b07c6533e159),NangateOpenCellLibrary_typical.lib (45nm OpenROAD),macOS-26.4-arm64-arm-64bit-Mach-O,arm
picorv32,RISC-V CPU Core,RV32IMC Integer Core (YosysHQ),picorv32,9,strash; refactor -z; refactor -z; resub; dc2; balance; fraig; balance; map,6,16122.2600,7076.9300,9045.3300,43.90,878,8113,75.17,4.2964,1.1100,0.0700,0,2026-08-22T18:08:32.468301,Yosys 0.67+post (git sha1 b8e7da6f40ae8f552c116bf6c359b07c6533e159),NangateOpenCellLibrary_typical.lib (45nm OpenROAD),macOS-26.4-arm64-arm-64bit-Mach-O,arm
picorv32,RISC-V CPU Core,RV32IMC Integer Core (YosysHQ),picorv32,10,strash; resub; resub -z; refactor; resub; resub -z; refactor -z; balance; map,6,16304.7360,7076.9300,9227.8060,43.40,878,8113,95.00,3.4381,1.2100,0.0600,0,2026-08-22T18:08:35.913662,Yosys 0.67+post (git sha1 b8e7da6f40ae8f552c116bf6c359b07c6533e159),NangateOpenCellLibrary_typical.lib (45nm OpenROAD),macOS-26.4-arm64-arm-64bit-Mach-O,arm
picorv32,RISC-V CPU Core,RV32IMC Integer Core (YosysHQ),picorv32,11,strash; dc2; refactor -z; rewrite -z; refactor; refactor; balance; balance; map,6,16025.9680,7076.9300,8949.0380,44.16,878,8113,99.75,4.2573,1.3100,0.0700,0,2026-08-22T18:08:40.180125,Yosys 0.67+post (git sha1 b8e7da6f40ae8f552c116bf6c359b07c6533e159),NangateOpenCellLibrary_typical.lib (45nm OpenROAD),macOS-26.4-arm64-arm-64bit-Mach-O,arm
picorv32,RISC-V CPU Core,RV32IMC Integer Core (YosysHQ),picorv32,12,strash; rewrite -z; resub; refactor -z; fraig; dc2; fraig; balance; map,6,16065.6020,7076.9300,8988.6720,44.05,878,8113,96.84,4.6660,1.4000,0.0600,0,2026-08-22T18:08:44.854640,Yosys 0.67+post (git sha1 b8e7da6f40ae8f552c116bf6c359b07c6533e159),NangateOpenCellLibrary_typical.lib (45nm OpenROAD),macOS-26.4-arm64-arm-64bit-Mach-O,arm
picorv32,RISC-V CPU Core,RV32IMC Integer Core (YosysHQ),picorv32,13,strash; resub; balance; balance; rewrite; balance; resub -z; balance; map,6,16423.6380,7076.9300,9346.7080,43.09,878,8113,94.91,3.4596,1.2700,0.0500,0,2026-08-22T18:08:48.322212,Yosys 0.67+post (git sha1 b8e7da6f40ae8f552c116bf6c359b07c6533e159),NangateOpenCellLibrary_typical.lib (45nm OpenROAD),macOS-26.4-arm64-arm-64bit-Mach-O,arm
picorv32,RISC-V CPU Core,RV32IMC Integer Core (YosysHQ),picorv32,14,strash; resub; dc2; dc2; rewrite; refactor; rewrite; balance; map,6,15898.2880,7076.9300,8821.3580,44.51,878,8113,79.06,4.9629,1.2100,0.0700,0,2026-08-22T18:08:53.293045,Yosys 0.67+post (git sha1 b8e7da6f40ae8f552c116bf6c359b07c6533e159),NangateOpenCellLibrary_typical.lib (45nm OpenROAD),macOS-26.4-arm64-arm-64bit-Mach-O,arm
picorv32,RISC-V CPU Core,RV32IMC Integer Core (YosysHQ),picorv32,15,strash; resub; balance; resub -z; dc2; refactor; resub -z; balance; map,6,15958.1380,7076.9300,8881.2080,44.35,878,8113,98.11,4.1020,1.3300,0.0600,0,2026-08-22T18:08:57.402568,Yosys 0.67+post (git sha1 b8e7da6f40ae8f552c116bf6c359b07c6533e159),NangateOpenCellLibrary_typical.lib (45nm OpenROAD),macOS-26.4-arm64-arm-64bit-Mach-O,arm
picorv32,RISC-V CPU Core,RV32IMC Integer Core (YosysHQ),picorv32,16,strash; resub -z; resub -z; rewrite -z; dc2; fraig; fraig; balance; map,6,15935.5280,7076.9300,8858.5980,44.41,878,8113,80.17,3.9269,1.0800,0.0500,0,2026-08-22T18:09:01.336737,Yosys 0.67+post (git sha1 b8e7da6f40ae8f552c116bf6c359b07c6533e159),NangateOpenCellLibrary_typical.lib (45nm OpenROAD),macOS-26.4-arm64-arm-64bit-Mach-O,arm
picorv32,RISC-V CPU Core,RV32IMC Integer Core (YosysHQ),picorv32,17,strash; rewrite -z; dc2; fraig; rewrite; rewrite; refactor; balance; map,6,15921.1640,7076.9300,8844.2340,44.45,878,8113,78.25,4.0345,1.1600,0.0700,0,2026-08-22T18:09:05.378943,Yosys 0.67+post (git sha1 b8e7da6f40ae8f552c116bf6c359b07c6533e159),NangateOpenCellLibrary_typical.lib (45nm OpenROAD),macOS-26.4-arm64-arm-64bit-Mach-O,arm
picorv32,RISC-V CPU Core,RV32IMC Integer Core (YosysHQ),picorv32,18,strash; dc2; rewrite -z; rewrite -z; resub -z; rewrite; resub -z; balance; map,6,15959.2020,7076.9300,8882.2720,44.34,878,8113,92.30,3.5272,1.0600,0.0400,0,2026-08-22T18:09:08.913421,Yosys 0.67+post (git sha1 b8e7da6f40ae8f552c116bf6c359b07c6533e159),NangateOpenCellLibrary_typical.lib (45nm OpenROAD),macOS-26.4-arm64-arm-64bit-Mach-O,arm
picorv32,RISC-V CPU Core,RV32IMC Integer Core (YosysHQ),picorv32,19,strash; rewrite -z; fraig; rewrite; rewrite; dc2; rewrite -z; balance; map,6,15817.9560,7076.9300,8741.0260,44.74,878,8113,76.55,4.4304,1.1900,0.0700,0,2026-08-22T18:09:13.352511,Yosys 0.67+post (git sha1 b8e7da6f40ae8f552c116bf6c359b07c6533e159),NangateOpenCellLibrary_typical.lib (45nm OpenROAD),macOS-26.4-arm64-arm-64bit-Mach-O,arm
picorv32,RISC-V CPU Core,RV32IMC Integer Core (YosysHQ),picorv32,20,strash; balance; resub -z; resub -z; balance; resub -z; fraig; balance; map,6,16617.8180,7076.9300,9540.8880,42.59,878,8113,98.06,3.7892,1.3500,0.0600,0,2026-08-22T18:09:17.150512,Yosys 0.67+post (git sha1 b8e7da6f40ae8f552c116bf6c359b07c6533e159),NangateOpenCellLibrary_typical.lib (45nm OpenROAD),macOS-26.4-arm64-arm-64bit-Mach-O,arm
picorv32,RISC-V CPU Core,RV32IMC Integer Core (YosysHQ),picorv32,21,strash; fraig; balance; balance; rewrite -z; resub -z; rewrite; balance; map,6,16208.7100,7076.9300,9131.7800,43.66,878,8113,95.84,3.3539,1.2500,0.0500,0,2026-08-22T18:09:20.511306,Yosys 0.67+post (git sha1 b8e7da6f40ae8f552c116bf6c359b07c6533e159),NangateOpenCellLibrary_typical.lib (45nm OpenROAD),macOS-26.4-arm64-arm-64bit-Mach-O,arm
picorv32,RISC-V CPU Core,RV32IMC Integer Core (YosysHQ),picorv32,22,strash; balance; refactor; rewrite; fraig; fraig; rewrite -z; balance; map,6,16240.3640,7076.9300,9163.4340,43.58,878,8113,92.95,3.9112,1.4400,0.0600,0,2026-08-22T18:09:24.432112,Yosys 0.67+post (git sha1 b8e7da6f40ae8f552c116bf6c359b07c6533e159),NangateOpenCellLibrary_typical.lib (45nm OpenROAD),macOS-26.4-arm64-arm-64bit-Mach-O,arm
picorv32,RISC-V CPU Core,RV32IMC Integer Core (YosysHQ),picorv32,23,strash; resub -z; balance; dc2; balance; refactor; rewrite; balance; map,6,15911.3220,7076.9300,8834.3920,44.48,878,8113,88.59,4.5106,1.4600,0.0800,0,2026-08-22T18:09:28.951879,Yosys 0.67+post (git sha1 b8e7da6f40ae8f552c116bf6c359b07c6533e159),NangateOpenCellLibrary_typical.lib (45nm OpenROAD),macOS-26.4-arm64-arm-64bit-Mach-O,arm
picorv32,RISC-V CPU Core,RV32IMC Integer Core (YosysHQ),picorv32,24,strash; fraig; fraig; resub -z; resub -z; balance; rewrite; balance; map,6,16469.9220,7076.9300,9392.9920,42.97,878,8113,95.12,3.2448,1.2200,0.0500,0,2026-08-22T18:09:32.204420,Yosys 0.67+post (git sha1 b8e7da6f40ae8f552c116bf6c359b07c6533e159),NangateOpenCellLibrary_typical.lib (45nm OpenROAD),macOS-26.4-arm64-arm-64bit-Mach-O,arm
picorv32,RISC-V CPU Core,RV32IMC Integer Core (YosysHQ),picorv32,25,strash; fraig; refactor; resub -z; resub -z; dc2; rewrite -z; balance; map,6,15896.1600,7076.9300,8819.2300,44.52,878,8113,88.83,4.4907,1.2300,0.0600,0,2026-08-22T18:09:36.702149,Yosys 0.67+post (git sha1 b8e7da6f40ae8f552c116bf6c359b07c6533e159),NangateOpenCellLibrary_typical.lib (45nm OpenROAD),macOS-26.4-arm64-arm-64bit-Mach-O,arm
dynamic_node,NoC 2D Router,OpenPiton 2D Mesh Dynamic Router,dynamic_node_top,1,strash; refactor; rewrite -z; resub; balance; resub; refactor -z; balance; map,6,21297.5560,10364.4240,10933.1320,48.66,1705,10572,101.33,4.6249,1.5400,0.0900,0,2026-08-22T18:09:41.343365,Yosys 0.67+post (git sha1 b8e7da6f40ae8f552c116bf6c359b07c6533e159),NangateOpenCellLibrary_typical.lib (45nm OpenROAD),macOS-26.4-arm64-arm-64bit-Mach-O,arm
dynamic_node,NoC 2D Router,OpenPiton 2D Mesh Dynamic Router,dynamic_node_top,2,strash; resub; refactor; fraig; rewrite -z; refactor -z; rewrite; balance; map,6,21294.0980,10364.4240,10929.6740,48.67,1705,10572,104.58,4.3584,1.6100,0.0700,0,2026-08-22T18:09:45.719902,Yosys 0.67+post (git sha1 b8e7da6f40ae8f552c116bf6c359b07c6533e159),NangateOpenCellLibrary_typical.lib (45nm OpenROAD),macOS-26.4-arm64-arm-64bit-Mach-O,arm
dynamic_node,NoC 2D Router,OpenPiton 2D Mesh Dynamic Router,dynamic_node_top,3,strash; dc2; refactor; dc2; resub; fraig; dc2; balance; map,6,20927.2840,10364.4240,10562.8600,49.53,1705,10572,98.67,6.0372,1.5500,0.0600,0,2026-08-22T18:09:51.768936,Yosys 0.67+post (git sha1 b8e7da6f40ae8f552c116bf6c359b07c6533e159),NangateOpenCellLibrary_typical.lib (45nm OpenROAD),macOS-26.4-arm64-arm-64bit-Mach-O,arm
dynamic_node,NoC 2D Router,OpenPiton 2D Mesh Dynamic Router,dynamic_node_top,4,strash; balance; fraig; rewrite -z; rewrite -z; balance; resub -z; balance; map,6,20711.5580,10364.4240,10347.1340,50.04,1705,10572,82.28,3.8788,1.3700,0.0700,0,2026-08-22T18:09:55.659199,Yosys 0.67+post (git sha1 b8e7da6f40ae8f552c116bf6c359b07c6533e159),NangateOpenCellLibrary_typical.lib (45nm OpenROAD),macOS-26.4-arm64-arm-64bit-Mach-O,arm
dynamic_node,NoC 2D Router,OpenPiton 2D Mesh Dynamic Router,dynamic_node_top,5,strash; refactor; fraig; balance; rewrite -z; rewrite; dc2; balance; map,6,20905.7380,10364.4240,10541.3140,49.58,1705,10572,89.97,4.7275,1.4500,0.0700,0,2026-08-22T18:10:00.402125,Yosys 0.67+post (git sha1 b8e7da6f40ae8f552c116bf6c359b07c6533e159),NangateOpenCellLibrary_typical.lib (45nm OpenROAD),macOS-26.4-arm64-arm-64bit-Mach-O,arm
dynamic_node,NoC 2D Router,OpenPiton 2D Mesh Dynamic Router,dynamic_node_top,6,strash; rewrite -z; balance; fraig; dc2; refactor; rewrite; balance; map,6,20936.8600,10364.4240,10572.4360,49.50,1705,10572,97.33,4.8641,1.4900,0.0700,0,2026-08-22T18:10:05.278806,Yosys 0.67+post (git sha1 b8e7da6f40ae8f552c116bf6c359b07c6533e159),NangateOpenCellLibrary_typical.lib (45nm OpenROAD),macOS-26.4-arm64-arm-64bit-Mach-O,arm
dynamic_node,NoC 2D Router,OpenPiton 2D Mesh Dynamic Router,dynamic_node_top,7,strash; balance; resub; refactor; balance; refactor -z; resub; balance; map,6,21320.1660,10364.4240,10955.7420,48.61,1705,10572,93.48,4.0116,1.4700,0.1000,0,2026-08-22T18:10:09.304349,Yosys 0.67+post (git sha1 b8e7da6f40ae8f552c116bf6c359b07c6533e159),NangateOpenCellLibrary_typical.lib (45nm OpenROAD),macOS-26.4-arm64-arm-64bit-Mach-O,arm
dynamic_node,NoC 2D Router,OpenPiton 2D Mesh Dynamic Router,dynamic_node_top,8,strash; resub; resub -z; refactor; dc2; dc2; refactor -z; balance; map,6,21326.0180,10364.4240,10961.5940,48.60,1705,10572,105.02,4.7977,1.5300,0.0600,0,2026-08-22T18:10:14.113480,Yosys 0.67+post (git sha1 b8e7da6f40ae8f552c116bf6c359b07c6533e159),NangateOpenCellLibrary_typical.lib (45nm OpenROAD),macOS-26.4-arm64-arm-64bit-Mach-O,arm
dynamic_node,NoC 2D Router,OpenPiton 2D Mesh Dynamic Router,dynamic_node_top,9,strash; refactor -z; refactor -z; resub; dc2; balance; fraig; balance; map,6,20910.5260,10364.4240,10546.1020,49.57,1705,10572,98.00,4.1734,1.3600,0.0500,0,2026-08-22T18:10:18.300542,Yosys 0.67+post (git sha1 b8e7da6f40ae8f552c116bf6c359b07c6533e159),NangateOpenCellLibrary_typical.lib (45nm OpenROAD),macOS-26.4-arm64-arm-64bit-Mach-O,arm
dynamic_node,NoC 2D Router,OpenPiton 2D Mesh Dynamic Router,dynamic_node_top,10,strash; resub; resub -z; refactor; resub; resub -z; refactor -z; balance; map,6,21326.5500,10364.4240,10962.1260,48.60,1705,10572,88.70,4.5105,1.4800,0.0900,0,2026-08-22T18:10:22.826162,Yosys 0.67+post (git sha1 b8e7da6f40ae8f552c116bf6c359b07c6533e159),NangateOpenCellLibrary_typical.lib (45nm OpenROAD),macOS-26.4-arm64-arm-64bit-Mach-O,arm
dynamic_node,NoC 2D Router,OpenPiton 2D Mesh Dynamic Router,dynamic_node_top,11,strash; dc2; refactor -z; rewrite -z; refactor; refactor; balance; balance; map,6,20790.8260,10364.4240,10426.4020,49.85,1705,10572,98.89,5.0678,1.6300,0.0800,0,2026-08-22T18:10:27.908586,Yosys 0.67+post (git sha1 b8e7da6f40ae8f552c116bf6c359b07c6533e159),NangateOpenCellLibrary_typical.lib (45nm OpenROAD),macOS-26.4-arm64-arm-64bit-Mach-O,arm
dynamic_node,NoC 2D Router,OpenPiton 2D Mesh Dynamic Router,dynamic_node_top,12,strash; rewrite -z; resub; refactor -z; fraig; dc2; fraig; balance; map,6,20963.7260,10364.4240,10599.3020,49.44,1705,10572,95.80,4.0935,1.3000,0.0700,0,2026-08-22T18:10:32.014751,Yosys 0.67+post (git sha1 b8e7da6f40ae8f552c116bf6c359b07c6533e159),NangateOpenCellLibrary_typical.lib (45nm OpenROAD),macOS-26.4-arm64-arm-64bit-Mach-O,arm
dynamic_node,NoC 2D Router,OpenPiton 2D Mesh Dynamic Router,dynamic_node_top,13,strash; resub; balance; balance; rewrite; balance; resub -z; balance; map,6,21333.4660,10364.4240,10969.0420,48.58,1705,10572,78.97,4.2344,1.5400,0.1400,0,2026-08-22T18:10:36.263100,Yosys 0.67+post (git sha1 b8e7da6f40ae8f552c116bf6c359b07c6533e159),NangateOpenCellLibrary_typical.lib (45nm OpenROAD),macOS-26.4-arm64-arm-64bit-Mach-O,arm
dynamic_node,NoC 2D Router,OpenPiton 2D Mesh Dynamic Router,dynamic_node_top,14,strash; resub; dc2; dc2; rewrite; refactor; rewrite; balance; map,6,20817.1600,10364.4240,10452.7360,49.79,1705,10572,92.20,5.6004,1.5400,0.0900,0,2026-08-22T18:10:41.877810,Yosys 0.67+post (git sha1 b8e7da6f40ae8f552c116bf6c359b07c6533e159),NangateOpenCellLibrary_typical.lib (45nm OpenROAD),macOS-26.4-arm64-arm-64bit-Mach-O,arm
dynamic_node,NoC 2D Router,OpenPiton 2D Mesh Dynamic Router,dynamic_node_top,15,strash; resub; balance; resub -z; dc2; refactor; resub -z; balance; map,6,20902.2800,10364.4240,10537.8560,49.59,1705,10572,103.94,4.3903,1.4700,0.0600,0,2026-08-22T18:10:46.281859,Yosys 0.67+post (git sha1 b8e7da6f40ae8f552c116bf6c359b07c6533e159),NangateOpenCellLibrary_typical.lib (45nm OpenROAD),macOS-26.4-arm64-arm-64bit-Mach-O,arm
dynamic_node,NoC 2D Router,OpenPiton 2D Mesh Dynamic Router,dynamic_node_top,16,strash; resub -z; resub -z; rewrite -z; dc2; fraig; fraig; balance; map,6,20931.0080,10364.4240,10566.5840,49.52,1705,10572,95.91,4.4505,1.4700,0.0500,0,2026-08-22T18:10:50.746806,Yosys 0.67+post (git sha1 b8e7da6f40ae8f552c116bf6c359b07c6533e159),NangateOpenCellLibrary_typical.lib (45nm OpenROAD),macOS-26.4-arm64-arm-64bit-Mach-O,arm
dynamic_node,NoC 2D Router,OpenPiton 2D Mesh Dynamic Router,dynamic_node_top,17,strash; rewrite -z; dc2; fraig; rewrite; rewrite; refactor; balance; map,6,20903.8760,10364.4240,10539.4520,49.58,1705,10572,93.81,4.7381,1.5500,0.0800,0,2026-08-22T18:10:55.497517,Yosys 0.67+post (git sha1 b8e7da6f40ae8f552c116bf6c359b07c6533e159),NangateOpenCellLibrary_typical.lib (45nm OpenROAD),macOS-26.4-arm64-arm-64bit-Mach-O,arm
dynamic_node,NoC 2D Router,OpenPiton 2D Mesh Dynamic Router,dynamic_node_top,18,strash; dc2; rewrite -z; rewrite -z; resub -z; rewrite; resub -z; balance; map,6,20739.4880,10364.4240,10375.0640,49.97,1705,10572,87.78,5.1695,1.5000,0.0700,0,2026-08-22T18:11:00.680959,Yosys 0.67+post (git sha1 b8e7da6f40ae8f552c116bf6c359b07c6533e159),NangateOpenCellLibrary_typical.lib (45nm OpenROAD),macOS-26.4-arm64-arm-64bit-Mach-O,arm
dynamic_node,NoC 2D Router,OpenPiton 2D Mesh Dynamic Router,dynamic_node_top,19,strash; rewrite -z; fraig; rewrite; rewrite; dc2; rewrite -z; balance; map,6,20737.0940,10364.4240,10372.6700,49.98,1705,10572,86.20,5.6827,1.6700,0.1100,0,2026-08-22T18:11:06.378273,Yosys 0.67+post (git sha1 b8e7da6f40ae8f552c116bf6c359b07c6533e159),NangateOpenCellLibrary_typical.lib (45nm OpenROAD),macOS-26.4-arm64-arm-64bit-Mach-O,arm
dynamic_node,NoC 2D Router,OpenPiton 2D Mesh Dynamic Router,dynamic_node_top,20,strash; balance; resub -z; resub -z; balance; resub -z; fraig; balance; map,6,21395.4440,10364.4240,11031.0200,48.44,1705,10572,95.59,4.1323,1.6000,0.0800,0,2026-08-22T18:11:10.524839,Yosys 0.67+post (git sha1 b8e7da6f40ae8f552c116bf6c359b07c6533e159),NangateOpenCellLibrary_typical.lib (45nm OpenROAD),macOS-26.4-arm64-arm-64bit-Mach-O,arm
dynamic_node,NoC 2D Router,OpenPiton 2D Mesh Dynamic Router,dynamic_node_top,21,strash; fraig; balance; balance; rewrite -z; resub -z; rewrite; balance; map,6,20696.6620,10364.4240,10332.2380,50.08,1705,10572,101.44,3.5034,1.3400,0.0500,0,2026-08-22T18:11:14.044070,Yosys 0.67+post (git sha1 b8e7da6f40ae8f552c116bf6c359b07c6533e159),NangateOpenCellLibrary_typical.lib (45nm OpenROAD),macOS-26.4-arm64-arm-64bit-Mach-O,arm
dynamic_node,NoC 2D Router,OpenPiton 2D Mesh Dynamic Router,dynamic_node_top,22,strash; balance; refactor; rewrite; fraig; fraig; rewrite -z; balance; map,6,20669.2640,10364.4240,10304.8400,50.14,1705,10572,85.31,4.2606,1.4500,0.0900,0,2026-08-22T18:11:18.317215,Yosys 0.67+post (git sha1 b8e7da6f40ae8f552c116bf6c359b07c6533e159),NangateOpenCellLibrary_typical.lib (45nm OpenROAD),macOS-26.4-arm64-arm-64bit-Mach-O,arm
dynamic_node,NoC 2D Router,OpenPiton 2D Mesh Dynamic Router,dynamic_node_top,23,strash; resub -z; balance; dc2; balance; refactor; rewrite; balance; map,6,20875.9460,10364.4240,10511.5220,49.65,1705,10572,84.86,4.5649,1.4300,0.0800,0,2026-08-22T18:11:22.894818,Yosys 0.67+post (git sha1 b8e7da6f40ae8f552c116bf6c359b07c6533e159),NangateOpenCellLibrary_typical.lib (45nm OpenROAD),macOS-26.4-arm64-arm-64bit-Mach-O,arm
dynamic_node,NoC 2D Router,OpenPiton 2D Mesh Dynamic Router,dynamic_node_top,24,strash; fraig; fraig; resub -z; resub -z; balance; rewrite; balance; map,6,21362.1940,10364.4240,10997.7700,48.52,1705,10572,94.69,3.8402,1.4000,0.0800,0,2026-08-22T18:11:26.748580,Yosys 0.67+post (git sha1 b8e7da6f40ae8f552c116bf6c359b07c6533e159),NangateOpenCellLibrary_typical.lib (45nm OpenROAD),macOS-26.4-arm64-arm-64bit-Mach-O,arm
dynamic_node,NoC 2D Router,OpenPiton 2D Mesh Dynamic Router,dynamic_node_top,25,strash; fraig; refactor; resub -z; resub -z; dc2; rewrite -z; balance; map,6,20726.9860,10364.4240,10362.5620,50.00,1705,10572,94.30,4.4414,1.4700,0.0700,0,2026-08-22T18:11:31.206871,Yosys 0.67+post (git sha1 b8e7da6f40ae8f552c116bf6c359b07c6533e159),NangateOpenCellLibrary_typical.lib (45nm OpenROAD),macOS-26.4-arm64-arm-64bit-Mach-O,arm
aes_cipher_top,Cryptographic Pipeline,AES-128 Pipelined Encryptor (OpenROAD),aes_cipher_top,1,strash; refactor; rewrite -z; resub; balance; resub; refactor -z; balance; map,6,15391.8240,2541.3640,12850.4600,16.51,299,10402,115.86,6.0553,1.5900,0.0900,0,2026-08-22T18:11:37.388725,Yosys 0.67+post (git sha1 b8e7da6f40ae8f552c116bf6c359b07c6533e159),NangateOpenCellLibrary_typical.lib (45nm OpenROAD),macOS-26.4-arm64-arm-64bit-Mach-O,arm
aes_cipher_top,Cryptographic Pipeline,AES-128 Pipelined Encryptor (OpenROAD),aes_cipher_top,2,strash; resub; refactor; fraig; rewrite -z; refactor -z; rewrite; balance; map,6,15408.5820,2541.3640,12867.2180,16.49,299,10402,112.12,5.6729,1.3700,0.0700,0,2026-08-22T18:11:43.207985,Yosys 0.67+post (git sha1 b8e7da6f40ae8f552c116bf6c359b07c6533e159),NangateOpenCellLibrary_typical.lib (45nm OpenROAD),macOS-26.4-arm64-arm-64bit-Mach-O,arm
aes_cipher_top,Cryptographic Pipeline,AES-128 Pipelined Encryptor (OpenROAD),aes_cipher_top,3,strash; dc2; refactor; dc2; resub; fraig; dc2; balance; map,6,15111.9920,2541.3640,12570.6280,16.82,299,10402,110.77,7.7153,1.4800,0.0700,0,2026-08-22T18:11:51.043246,Yosys 0.67+post (git sha1 b8e7da6f40ae8f552c116bf6c359b07c6533e159),NangateOpenCellLibrary_typical.lib (45nm OpenROAD),macOS-26.4-arm64-arm-64bit-Mach-O,arm
aes_cipher_top,Cryptographic Pipeline,AES-128 Pipelined Encryptor (OpenROAD),aes_cipher_top,4,strash; balance; fraig; rewrite -z; rewrite -z; balance; resub -z; balance; map,6,15264.1440,2541.3640,12722.7800,16.65,299,10402,103.31,5.0235,1.2900,0.0600,0,2026-08-22T18:11:56.185935,Yosys 0.67+post (git sha1 b8e7da6f40ae8f552c116bf6c359b07c6533e159),NangateOpenCellLibrary_typical.lib (45nm OpenROAD),macOS-26.4-arm64-arm-64bit-Mach-O,arm
aes_cipher_top,Cryptographic Pipeline,AES-128 Pipelined Encryptor (OpenROAD),aes_cipher_top,5,strash; refactor; fraig; balance; rewrite -z; rewrite; dc2; balance; map,6,14794.1220,2541.3640,12252.7580,17.18,299,10402,106.80,5.8323,1.2900,0.0600,0,2026-08-22T18:12:02.139721,Yosys 0.67+post (git sha1 b8e7da6f40ae8f552c116bf6c359b07c6533e159),NangateOpenCellLibrary_typical.lib (45nm OpenROAD),macOS-26.4-arm64-arm-64bit-Mach-O,arm
aes_cipher_top,Cryptographic Pipeline,AES-128 Pipelined Encryptor (OpenROAD),aes_cipher_top,6,strash; rewrite -z; balance; fraig; dc2; refactor; rewrite; balance; map,6,15367.0860,2541.3640,12825.7220,16.54,299,10402,111.02,5.6751,1.2900,0.0500,0,2026-08-22T18:12:07.934596,Yosys 0.67+post (git sha1 b8e7da6f40ae8f552c116bf6c359b07c6533e159),NangateOpenCellLibrary_typical.lib (45nm OpenROAD),macOS-26.4-arm64-arm-64bit-Mach-O,arm
aes_cipher_top,Cryptographic Pipeline,AES-128 Pipelined Encryptor (OpenROAD),aes_cipher_top,7,strash; balance; resub; refactor; balance; refactor -z; resub; balance; map,6,15135.9320,2541.3640,12594.5680,16.79,299,10402,107.44,4.6824,1.2700,0.0600,0,2026-08-22T18:12:12.737354,Yosys 0.67+post (git sha1 b8e7da6f40ae8f552c116bf6c359b07c6533e159),NangateOpenCellLibrary_typical.lib (45nm OpenROAD),macOS-26.4-arm64-arm-64bit-Mach-O,arm
aes_cipher_top,Cryptographic Pipeline,AES-128 Pipelined Encryptor (OpenROAD),aes_cipher_top,8,strash; resub; resub -z; refactor; dc2; dc2; refactor -z; balance; map,6,15076.8800,2541.3640,12535.5160,16.86,299,10402,109.31,6.3975,1.2600,0.0600,0,2026-08-22T18:12:19.256736,Yosys 0.67+post (git sha1 b8e7da6f40ae8f552c116bf6c359b07c6533e159),NangateOpenCellLibrary_typical.lib (45nm OpenROAD),macOS-26.4-arm64-arm-64bit-Mach-O,arm
aes_cipher_top,Cryptographic Pipeline,AES-128 Pipelined Encryptor (OpenROAD),aes_cipher_top,9,strash; refactor -z; refactor -z; resub; dc2; balance; fraig; balance; map,6,15139.6560,2541.3640,12598.2920,16.79,299,10402,102.86,5.4937,1.2600,0.0600,0,2026-08-22T18:12:24.872121,Yosys 0.67+post (git sha1 b8e7da6f40ae8f552c116bf6c359b07c6533e159),NangateOpenCellLibrary_typical.lib (45nm OpenROAD),macOS-26.4-arm64-arm-64bit-Mach-O,arm
aes_cipher_top,Cryptographic Pipeline,AES-128 Pipelined Encryptor (OpenROAD),aes_cipher_top,10,strash; resub; resub -z; refactor; resub; resub -z; refactor -z; balance; map,6,15194.9840,2541.3640,12653.6200,16.73,299,10402,111.38,5.1716,1.3000,0.0600,0,2026-08-22T18:12:30.163064,Yosys 0.67+post (git sha1 b8e7da6f40ae8f552c116bf6c359b07c6533e159),NangateOpenCellLibrary_typical.lib (45nm OpenROAD),macOS-26.4-arm64-arm-64bit-Mach-O,arm
aes_cipher_top,Cryptographic Pipeline,AES-128 Pipelined Encryptor (OpenROAD),aes_cipher_top,11,strash; dc2; refactor -z; rewrite -z; refactor; refactor; balance; balance; map,6,14975.2680,2541.3640,12433.9040,16.97,299,10402,110.88,5.7219,1.3000,0.0600,0,2026-08-22T18:12:36.003464,Yosys 0.67+post (git sha1 b8e7da6f40ae8f552c116bf6c359b07c6533e159),NangateOpenCellLibrary_typical.lib (45nm OpenROAD),macOS-26.4-arm64-arm-64bit-Mach-O,arm
aes_cipher_top,Cryptographic Pipeline,AES-128 Pipelined Encryptor (OpenROAD),aes_cipher_top,12,strash; rewrite -z; resub; refactor -z; fraig; dc2; fraig; balance; map,6,15044.1620,2541.3640,12502.7980,16.89,299,10402,112.28,5.7065,1.2900,0.0600,0,2026-08-22T18:12:41.831345,Yosys 0.67+post (git sha1 b8e7da6f40ae8f552c116bf6c359b07c6533e159),NangateOpenCellLibrary_typical.lib (45nm OpenROAD),macOS-26.4-arm64-arm-64bit-Mach-O,arm
aes_cipher_top,Cryptographic Pipeline,AES-128 Pipelined Encryptor (OpenROAD),aes_cipher_top,13,strash; resub; balance; balance; rewrite; balance; resub -z; balance; map,6,15312.5560,2541.3640,12771.1920,16.60,299,10402,106.64,4.7752,1.2600,0.0600,0,2026-08-22T18:12:46.726137,Yosys 0.67+post (git sha1 b8e7da6f40ae8f552c116bf6c359b07c6533e159),NangateOpenCellLibrary_typical.lib (45nm OpenROAD),macOS-26.4-arm64-arm-64bit-Mach-O,arm
aes_cipher_top,Cryptographic Pipeline,AES-128 Pipelined Encryptor (OpenROAD),aes_cipher_top,14,strash; resub; dc2; dc2; rewrite; refactor; rewrite; balance; map,6,14928.4520,2541.3640,12387.0880,17.02,299,10402,104.78,6.8134,1.2900,0.0600,0,2026-08-22T18:12:53.661002,Yosys 0.67+post (git sha1 b8e7da6f40ae8f552c116bf6c359b07c6533e159),NangateOpenCellLibrary_typical.lib (45nm OpenROAD),macOS-26.4-arm64-arm-64bit-Mach-O,arm
aes_cipher_top,Cryptographic Pipeline,AES-128 Pipelined Encryptor (OpenROAD),aes_cipher_top,15,strash; resub; balance; resub -z; dc2; refactor; resub -z; balance; map,6,15165.4580,2541.3640,12624.0940,16.76,299,10402,106.94,5.6346,1.2700,0.0600,0,2026-08-22T18:12:59.416308,Yosys 0.67+post (git sha1 b8e7da6f40ae8f552c116bf6c359b07c6533e159),NangateOpenCellLibrary_typical.lib (45nm OpenROAD),macOS-26.4-arm64-arm-64bit-Mach-O,arm
aes_cipher_top,Cryptographic Pipeline,AES-128 Pipelined Encryptor (OpenROAD),aes_cipher_top,16,strash; resub -z; resub -z; rewrite -z; dc2; fraig; fraig; balance; map,6,14970.2140,2541.3640,12428.8500,16.98,299,10402,112.45,5.7780,1.2700,0.0600,0,2026-08-22T18:13:05.312700,Yosys 0.67+post (git sha1 b8e7da6f40ae8f552c116bf6c359b07c6533e159),NangateOpenCellLibrary_typical.lib (45nm OpenROAD),macOS-26.4-arm64-arm-64bit-Mach-O,arm
aes_cipher_top,Cryptographic Pipeline,AES-128 Pipelined Encryptor (OpenROAD),aes_cipher_top,17,strash; rewrite -z; dc2; fraig; rewrite; rewrite; refactor; balance; map,6,15108.8000,2541.3640,12567.4360,16.82,299,10402,109.27,6.1929,1.3000,0.0600,0,2026-08-22T18:13:11.625550,Yosys 0.67+post (git sha1 b8e7da6f40ae8f552c116bf6c359b07c6533e159),NangateOpenCellLibrary_typical.lib (45nm OpenROAD),macOS-26.4-arm64-arm-64bit-Mach-O,arm
aes_cipher_top,Cryptographic Pipeline,AES-128 Pipelined Encryptor (OpenROAD),aes_cipher_top,18,strash; dc2; rewrite -z; rewrite -z; resub -z; rewrite; resub -z; balance; map,6,15118.3760,2541.3640,12577.0120,16.81,299,10402,103.41,6.2493,1.2700,0.0600,0,2026-08-22T18:13:17.993447,Yosys 0.67+post (git sha1 b8e7da6f40ae8f552c116bf6c359b07c6533e159),NangateOpenCellLibrary_typical.lib (45nm OpenROAD),macOS-26.4-arm64-arm-64bit-Mach-O,arm
aes_cipher_top,Cryptographic Pipeline,AES-128 Pipelined Encryptor (OpenROAD),aes_cipher_top,19,strash; rewrite -z; fraig; rewrite; rewrite; dc2; rewrite -z; balance; map,6,15049.2160,2541.3640,12507.8520,16.89,299,10402,103.41,6.4023,1.2600,0.0600,0,2026-08-22T18:13:24.514529,Yosys 0.67+post (git sha1 b8e7da6f40ae8f552c116bf6c359b07c6533e159),NangateOpenCellLibrary_typical.lib (45nm OpenROAD),macOS-26.4-arm64-arm-64bit-Mach-O,arm
aes_cipher_top,Cryptographic Pipeline,AES-128 Pipelined Encryptor (OpenROAD),aes_cipher_top,20,strash; balance; resub -z; resub -z; balance; resub -z; fraig; balance; map,6,15347.4020,2541.3640,12806.0380,16.56,299,10402,105.69,4.7407,1.2700,0.0600,0,2026-08-22T18:13:29.375663,Yosys 0.67+post (git sha1 b8e7da6f40ae8f552c116bf6c359b07c6533e159),NangateOpenCellLibrary_typical.lib (45nm OpenROAD),macOS-26.4-arm64-arm-64bit-Mach-O,arm
aes_cipher_top,Cryptographic Pipeline,AES-128 Pipelined Encryptor (OpenROAD),aes_cipher_top,21,strash; fraig; balance; balance; rewrite -z; resub -z; rewrite; balance; map,6,15206.1560,2541.3640,12664.7920,16.71,299,10402,103.30,5.1920,1.2900,0.0600,0,2026-08-22T18:13:34.719243,Yosys 0.67+post (git sha1 b8e7da6f40ae8f552c116bf6c359b07c6533e159),NangateOpenCellLibrary_typical.lib (45nm OpenROAD),macOS-26.4-arm64-arm-64bit-Mach-O,arm
aes_cipher_top,Cryptographic Pipeline,AES-128 Pipelined Encryptor (OpenROAD),aes_cipher_top,22,strash; balance; refactor; rewrite; fraig; fraig; rewrite -z; balance; map,6,15348.2000,2541.3640,12806.8360,16.56,299,10402,99.12,5.1235,1.3900,0.0700,0,2026-08-22T18:13:39.963152,Yosys 0.67+post (git sha1 b8e7da6f40ae8f552c116bf6c359b07c6533e159),NangateOpenCellLibrary_typical.lib (45nm OpenROAD),macOS-26.4-arm64-arm-64bit-Mach-O,arm
aes_cipher_top,Cryptographic Pipeline,AES-128 Pipelined Encryptor (OpenROAD),aes_cipher_top,23,strash; resub -z; balance; dc2; balance; refactor; rewrite; balance; map,6,15190.1960,2541.3640,12648.8320,16.73,299,10402,96.19,6.5755,1.3700,0.0800,0,2026-08-22T18:13:46.700803,Yosys 0.67+post (git sha1 b8e7da6f40ae8f552c116bf6c359b07c6533e159),NangateOpenCellLibrary_typical.lib (45nm OpenROAD),macOS-26.4-arm64-arm-64bit-Mach-O,arm
aes_cipher_top,Cryptographic Pipeline,AES-128 Pipelined Encryptor (OpenROAD),aes_cipher_top,24,strash; fraig; fraig; resub -z; resub -z; balance; rewrite; balance; map,6,15333.3040,2541.3640,12791.9400,16.57,299,10402,98.08,5.4483,1.5400,0.1000,0,2026-08-22T18:13:52.272138,Yosys 0.67+post (git sha1 b8e7da6f40ae8f552c116bf6c359b07c6533e159),NangateOpenCellLibrary_typical.lib (45nm OpenROAD),macOS-26.4-arm64-arm-64bit-Mach-O,arm
aes_cipher_top,Cryptographic Pipeline,AES-128 Pipelined Encryptor (OpenROAD),aes_cipher_top,25,strash; fraig; refactor; resub -z; resub -z; dc2; rewrite -z; balance; map,6,15136.4640,2541.3640,12595.1000,16.79,299,10402,96.47,6.1259,1.3200,0.0700,0,2026-08-22T18:13:58.518597,Yosys 0.67+post (git sha1 b8e7da6f40ae8f552c116bf6c359b07c6533e159),NangateOpenCellLibrary_typical.lib (45nm OpenROAD),macOS-26.4-arm64-arm-64bit-Mach-O,arm
sha256_core,Hash Transform Engine,Secworks NIST SHA-256 Engine,sha256_core,1,strash; refactor; rewrite -z; resub; balance; resub; refactor -z; balance; map,6,14174.0760,5500.8800,8673.1960,38.81,348,9196,80.66,2.6704,0.6700,0.0500,0,2026-08-22T18:14:01.198206,Yosys 0.67+post (git sha1 b8e7da6f40ae8f552c116bf6c359b07c6533e159),NangateOpenCellLibrary_typical.lib (45nm OpenROAD),macOS-26.4-arm64-arm-64bit-Mach-O,arm
sha256_core,Hash Transform Engine,Secworks NIST SHA-256 Engine,sha256_core,2,strash; resub; refactor; fraig; rewrite -z; refactor -z; rewrite; balance; map,6,13990.5360,5500.8800,8489.6560,39.32,348,9196,80.98,2.6812,0.6800,0.0400,0,2026-08-22T18:14:03.888305,Yosys 0.67+post (git sha1 b8e7da6f40ae8f552c116bf6c359b07c6533e159),NangateOpenCellLibrary_typical.lib (45nm OpenROAD),macOS-26.4-arm64-arm-64bit-Mach-O,arm
sha256_core,Hash Transform Engine,Secworks NIST SHA-256 Engine,sha256_core,3,strash; dc2; refactor; dc2; resub; fraig; dc2; balance; map,6,14309.7360,5500.8800,8808.8560,38.44,348,9196,87.84,3.4119,0.6600,0.0400,0,2026-08-22T18:14:07.308877,Yosys 0.67+post (git sha1 b8e7da6f40ae8f552c116bf6c359b07c6533e159),NangateOpenCellLibrary_typical.lib (45nm OpenROAD),macOS-26.4-arm64-arm-64bit-Mach-O,arm
sha256_core,Hash Transform Engine,Secworks NIST SHA-256 Engine,sha256_core,4,strash; balance; fraig; rewrite -z; rewrite -z; balance; resub -z; balance; map,6,14496.7340,5500.8800,8995.8540,37.95,348,9196,82.80,2.5944,0.6800,0.0400,0,2026-08-22T18:14:09.912182,Yosys 0.67+post (git sha1 b8e7da6f40ae8f552c116bf6c359b07c6533e159),NangateOpenCellLibrary_typical.lib (45nm OpenROAD),macOS-26.4-arm64-arm-64bit-Mach-O,arm
sha256_core,Hash Transform Engine,Secworks NIST SHA-256 Engine,sha256_core,5,strash; refactor; fraig; balance; rewrite -z; rewrite; dc2; balance; map,6,14031.7660,5500.8800,8530.8860,39.20,348,9196,84.47,2.7269,0.6700,0.0300,0,2026-08-22T18:14:12.647647,Yosys 0.67+post (git sha1 b8e7da6f40ae8f552c116bf6c359b07c6533e159),NangateOpenCellLibrary_typical.lib (45nm OpenROAD),macOS-26.4-arm64-arm-64bit-Mach-O,arm
sha256_core,Hash Transform Engine,Secworks NIST SHA-256 Engine,sha256_core,6,strash; rewrite -z; balance; fraig; dc2; refactor; rewrite; balance; map,6,14455.2380,5500.8800,8954.3580,38.05,348,9196,87.02,3.0807,0.6800,0.0400,0,2026-08-22T18:14:15.737536,Yosys 0.67+post (git sha1 b8e7da6f40ae8f552c116bf6c359b07c6533e159),NangateOpenCellLibrary_typical.lib (45nm OpenROAD),macOS-26.4-arm64-arm-64bit-Mach-O,arm
sha256_core,Hash Transform Engine,Secworks NIST SHA-256 Engine,sha256_core,7,strash; balance; resub; refactor; balance; refactor -z; resub; balance; map,6,15091.2440,5500.8800,9590.3640,36.45,348,9196,87.08,2.3673,0.6800,0.0400,0,2026-08-22T18:14:18.113759,Yosys 0.67+post (git sha1 b8e7da6f40ae8f552c116bf6c359b07c6533e159),NangateOpenCellLibrary_typical.lib (45nm OpenROAD),macOS-26.4-arm64-arm-64bit-Mach-O,arm
sha256_core,Hash Transform Engine,Secworks NIST SHA-256 Engine,sha256_core,8,strash; resub; resub -z; refactor; dc2; dc2; refactor -z; balance; map,6,14612.9760,5500.8800,9112.0960,37.64,348,9196,83.62,3.4505,0.6700,0.0400,0,2026-08-22T18:14:21.573121,Yosys 0.67+post (git sha1 b8e7da6f40ae8f552c116bf6c359b07c6533e159),NangateOpenCellLibrary_typical.lib (45nm OpenROAD),macOS-26.4-arm64-arm-64bit-Mach-O,arm
sha256_core,Hash Transform Engine,Secworks NIST SHA-256 Engine,sha256_core,9,strash; refactor -z; refactor -z; resub; dc2; balance; fraig; balance; map,6,14517.2160,5500.8800,9016.3360,37.89,348,9196,91.06,2.9412,0.7600,0.0500,0,2026-08-22T18:14:24.523098,Yosys 0.67+post (git sha1 b8e7da6f40ae8f552c116bf6c359b07c6533e159),NangateOpenCellLibrary_typical.lib (45nm OpenROAD),macOS-26.4-arm64-arm-64bit-Mach-O,arm
sha256_core,Hash Transform Engine,Secworks NIST SHA-256 Engine,sha256_core,10,strash; resub; resub -z; refactor; resub; resub -z; refactor -z; balance; map,6,15094.9680,5500.8800,9594.0880,36.44,348,9196,86.45,2.5607,0.6800,0.0300,0,2026-08-22T18:14:27.092604,Yosys 0.67+post (git sha1 b8e7da6f40ae8f552c116bf6c359b07c6533e159),NangateOpenCellLibrary_typical.lib (45nm OpenROAD),macOS-26.4-arm64-arm-64bit-Mach-O,arm
sha256_core,Hash Transform Engine,Secworks NIST SHA-256 Engine,sha256_core,11,strash; dc2; refactor -z; rewrite -z; refactor; refactor; balance; balance; map,6,14451.5140,5500.8800,8950.6340,38.06,348,9196,84.95,3.0106,0.6700,0.0400,0,2026-08-22T18:14:30.111885,Yosys 0.67+post (git sha1 b8e7da6f40ae8f552c116bf6c359b07c6533e159),NangateOpenCellLibrary_typical.lib (45nm OpenROAD),macOS-26.4-arm64-arm-64bit-Mach-O,arm
sha256_core,Hash Transform Engine,Secworks NIST SHA-256 Engine,sha256_core,12,strash; rewrite -z; resub; refactor -z; fraig; dc2; fraig; balance; map,6,14305.7460,5500.8800,8804.8660,38.45,348,9196,83.64,2.8531,0.6600,0.0300,0,2026-08-22T18:14:32.973811,Yosys 0.67+post (git sha1 b8e7da6f40ae8f552c116bf6c359b07c6533e159),NangateOpenCellLibrary_typical.lib (45nm OpenROAD),macOS-26.4-arm64-arm-64bit-Mach-O,arm
sha256_core,Hash Transform Engine,Secworks NIST SHA-256 Engine,sha256_core,13,strash; resub; balance; balance; rewrite; balance; resub -z; balance; map,6,14984.3120,5500.8800,9483.4320,36.71,348,9196,87.33,2.3856,0.6700,0.0400,0,2026-08-22T18:14:35.368116,Yosys 0.67+post (git sha1 b8e7da6f40ae8f552c116bf6c359b07c6533e159),NangateOpenCellLibrary_typical.lib (45nm OpenROAD),macOS-26.4-arm64-arm-64bit-Mach-O,arm
sha256_core,Hash Transform Engine,Secworks NIST SHA-256 Engine,sha256_core,14,strash; resub; dc2; dc2; rewrite; refactor; rewrite; balance; map,6,14311.0660,5500.8800,8810.1860,38.44,348,9196,70.22,3.6735,0.6800,0.0500,0,2026-08-22T18:14:39.050484,Yosys 0.67+post (git sha1 b8e7da6f40ae8f552c116bf6c359b07c6533e159),NangateOpenCellLibrary_typical.lib (45nm OpenROAD),macOS-26.4-arm64-arm-64bit-Mach-O,arm
sha256_core,Hash Transform Engine,Secworks NIST SHA-256 Engine,sha256_core,15,strash; resub; balance; resub -z; dc2; refactor; resub -z; balance; map,6,14363.2020,5500.8800,8862.3220,38.30,348,9196,66.62,3.0566,0.6700,0.0500,0,2026-08-22T18:14:42.116549,Yosys 0.67+post (git sha1 b8e7da6f40ae8f552c116bf6c359b07c6533e159),NangateOpenCellLibrary_typical.lib (45nm OpenROAD),macOS-26.4-arm64-arm-64bit-Mach-O,arm
sha256_core,Hash Transform Engine,Secworks NIST SHA-256 Engine,sha256_core,16,strash; resub -z; resub -z; rewrite -z; dc2; fraig; fraig; balance; map,6,14470.1340,5500.8800,8969.2540,38.02,348,9196,82.05,2.9490,0.6800,0.0400,0,2026-08-22T18:14:45.073885,Yosys 0.67+post (git sha1 b8e7da6f40ae8f552c116bf6c359b07c6533e159),NangateOpenCellLibrary_typical.lib (45nm OpenROAD),macOS-26.4-arm64-arm-64bit-Mach-O,arm
sha256_core,Hash Transform Engine,Secworks NIST SHA-256 Engine,sha256_core,17,strash; rewrite -z; dc2; fraig; rewrite; rewrite; refactor; balance; map,6,14468.0060,5500.8800,8967.1260,38.02,348,9196,70.31,3.3642,0.6800,0.0500,0,2026-08-22T18:14:48.448056,Yosys 0.67+post (git sha1 b8e7da6f40ae8f552c116bf6c359b07c6533e159),NangateOpenCellLibrary_typical.lib (45nm OpenROAD),macOS-26.4-arm64-arm-64bit-Mach-O,arm
sha256_core,Hash Transform Engine,Secworks NIST SHA-256 Engine,sha256_core,18,strash; dc2; rewrite -z; rewrite -z; resub -z; rewrite; resub -z; balance; map,6,14398.8460,5500.8800,8897.9660,38.20,348,9196,75.03,3.3041,0.6600,0.0500,0,2026-08-22T18:14:51.761453,Yosys 0.67+post (git sha1 b8e7da6f40ae8f552c116bf6c359b07c6533e159),NangateOpenCellLibrary_typical.lib (45nm OpenROAD),macOS-26.4-arm64-arm-64bit-Mach-O,arm
sha256_core,Hash Transform Engine,Secworks NIST SHA-256 Engine,sha256_core,19,strash; rewrite -z; fraig; rewrite; rewrite; dc2; rewrite -z; balance; map,6,14453.1100,5500.8800,8952.2300,38.06,348,9196,87.89,3.1877,0.6600,0.0400,0,2026-08-22T18:14:54.957909,Yosys 0.67+post (git sha1 b8e7da6f40ae8f552c116bf6c359b07c6533e159),NangateOpenCellLibrary_typical.lib (45nm OpenROAD),macOS-26.4-arm64-arm-64bit-Mach-O,arm
sha256_core,Hash Transform Engine,Secworks NIST SHA-256 Engine,sha256_core,20,strash; balance; resub -z; resub -z; balance; resub -z; fraig; balance; map,6,14951.0620,5500.8800,9450.1820,36.79,348,9196,88.20,2.2749,0.6600,0.0400,0,2026-08-22T18:14:57.241346,Yosys 0.67+post (git sha1 b8e7da6f40ae8f552c116bf6c359b07c6533e159),NangateOpenCellLibrary_typical.lib (45nm OpenROAD),macOS-26.4-arm64-arm-64bit-Mach-O,arm
sha256_core,Hash Transform Engine,Secworks NIST SHA-256 Engine,sha256_core,21,strash; fraig; balance; balance; rewrite -z; resub -z; rewrite; balance; map,6,14316.6520,5500.8800,8815.7720,38.42,348,9196,83.06,2.5181,0.6600,0.0300,0,2026-08-22T18:14:59.768247,Yosys 0.67+post (git sha1 b8e7da6f40ae8f552c116bf6c359b07c6533e159),NangateOpenCellLibrary_typical.lib (45nm OpenROAD),macOS-26.4-arm64-arm-64bit-Mach-O,arm
sha256_core,Hash Transform Engine,Secworks NIST SHA-256 Engine,sha256_core,22,strash; balance; refactor; rewrite; fraig; fraig; rewrite -z; balance; map,6,14569.3520,5500.8800,9068.4720,37.76,348,9196,86.31,2.3874,0.6600,0.0300,0,2026-08-22T18:15:02.164054,Yosys 0.67+post (git sha1 b8e7da6f40ae8f552c116bf6c359b07c6533e159),NangateOpenCellLibrary_typical.lib (45nm OpenROAD),macOS-26.4-arm64-arm-64bit-Mach-O,arm
sha256_core,Hash Transform Engine,Secworks NIST SHA-256 Engine,sha256_core,23,strash; resub -z; balance; dc2; balance; refactor; rewrite; balance; map,6,14382.3540,5500.8800,8881.4740,38.25,348,9196,84.98,2.7859,0.7000,0.0400,0,2026-08-22T18:15:04.958519,Yosys 0.67+post (git sha1 b8e7da6f40ae8f552c116bf6c359b07c6533e159),NangateOpenCellLibrary_typical.lib (45nm OpenROAD),macOS-26.4-arm64-arm-64bit-Mach-O,arm
sha256_core,Hash Transform Engine,Secworks NIST SHA-256 Engine,sha256_core,24,strash; fraig; fraig; resub -z; resub -z; balance; rewrite; balance; map,6,14660.3240,5500.8800,9159.4440,37.52,348,9196,84.78,2.3276,0.6500,0.0300,0,2026-08-22T18:15:07.294677,Yosys 0.67+post (git sha1 b8e7da6f40ae8f552c116bf6c359b07c6533e159),NangateOpenCellLibrary_typical.lib (45nm OpenROAD),macOS-26.4-arm64-arm-64bit-Mach-O,arm
sha256_core,Hash Transform Engine,Secworks NIST SHA-256 Engine,sha256_core,25,strash; fraig; refactor; resub -z; resub -z; dc2; rewrite -z; balance; map,6,14498.3300,5500.8800,8997.4500,37.94,348,9196,84.20,2.9526,0.6600,0.0300,0,2026-08-22T18:15:10.256065,Yosys 0.67+post (git sha1 b8e7da6f40ae8f552c116bf6c359b07c6533e159),NangateOpenCellLibrary_typical.lib (45nm OpenROAD),macOS-26.4-arm64-arm-64bit-Mach-O,arm
alu_32bit,Arithmetic & Branch Unit,32-bit Multi-Function ALU (Lighthouse SoC),alu_32bit,1,strash; refactor; rewrite -z; resub; balance; resub; refactor -z; balance; map,6,3928.2880,175.5600,3752.7280,4.47,29,3888,51.64,1.2865,0.2400,0.0200,0,2026-08-22T18:15:11.546228,Yosys 0.67+post (git sha1 b8e7da6f40ae8f552c116bf6c359b07c6533e159),NangateOpenCellLibrary_typical.lib (45nm OpenROAD),macOS-26.4-arm64-arm-64bit-Mach-O,arm
alu_32bit,Arithmetic & Branch Unit,32-bit Multi-Function ALU (Lighthouse SoC),alu_32bit,2,strash; resub; refactor; fraig; rewrite -z; refactor -z; rewrite; balance; map,6,3924.2980,175.5600,3748.7380,4.47,29,3888,51.52,1.4158,0.2400,0.0200,0,2026-08-22T18:15:12.963029,Yosys 0.67+post (git sha1 b8e7da6f40ae8f552c116bf6c359b07c6533e159),NangateOpenCellLibrary_typical.lib (45nm OpenROAD),macOS-26.4-arm64-arm-64bit-Mach-O,arm
alu_32bit,Arithmetic & Branch Unit,32-bit Multi-Function ALU (Lighthouse SoC),alu_32bit,3,strash; dc2; refactor; dc2; resub; fraig; dc2; balance; map,6,3854.3400,175.5600,3678.7800,4.55,29,3888,52.06,1.8011,0.2400,0.0200,0,2026-08-22T18:15:14.765159,Yosys 0.67+post (git sha1 b8e7da6f40ae8f552c116bf6c359b07c6533e159),NangateOpenCellLibrary_typical.lib (45nm OpenROAD),macOS-26.4-arm64-arm-64bit-Mach-O,arm
alu_32bit,Arithmetic & Branch Unit,32-bit Multi-Function ALU (Lighthouse SoC),alu_32bit,4,strash; balance; fraig; rewrite -z; rewrite -z; balance; resub -z; balance; map,6,3901.9540,175.5600,3726.3940,4.50,29,3888,51.30,1.2805,0.2400,0.0200,0,2026-08-22T18:15:16.046851,Yosys 0.67+post (git sha1 b8e7da6f40ae8f552c116bf6c359b07c6533e159),NangateOpenCellLibrary_typical.lib (45nm OpenROAD),macOS-26.4-arm64-arm-64bit-Mach-O,arm
alu_32bit,Arithmetic & Branch Unit,32-bit Multi-Function ALU (Lighthouse SoC),alu_32bit,5,strash; refactor; fraig; balance; rewrite -z; rewrite; dc2; balance; map,6,3876.4180,175.5600,3700.8580,4.53,29,3888,51.23,1.3881,0.2400,0.0200,0,2026-08-22T18:15:17.436041,Yosys 0.67+post (git sha1 b8e7da6f40ae8f552c116bf6c359b07c6533e159),NangateOpenCellLibrary_typical.lib (45nm OpenROAD),macOS-26.4-arm64-arm-64bit-Mach-O,arm
alu_32bit,Arithmetic & Branch Unit,32-bit Multi-Function ALU (Lighthouse SoC),alu_32bit,6,strash; rewrite -z; balance; fraig; dc2; refactor; rewrite; balance; map,6,3857.5320,175.5600,3681.9720,4.55,29,3888,51.53,1.5400,0.2400,0.0200,0,2026-08-22T18:15:18.977028,Yosys 0.67+post (git sha1 b8e7da6f40ae8f552c116bf6c359b07c6533e159),NangateOpenCellLibrary_typical.lib (45nm OpenROAD),macOS-26.4-arm64-arm-64bit-Mach-O,arm
alu_32bit,Arithmetic & Branch Unit,32-bit Multi-Function ALU (Lighthouse SoC),alu_32bit,7,strash; balance; resub; refactor; balance; refactor -z; resub; balance; map,6,3912.0620,175.5600,3736.5020,4.49,29,3888,45.27,1.4192,0.2500,0.0300,0,2026-08-22T18:15:20.397626,Yosys 0.67+post (git sha1 b8e7da6f40ae8f552c116bf6c359b07c6533e159),NangateOpenCellLibrary_typical.lib (45nm OpenROAD),macOS-26.4-arm64-arm-64bit-Mach-O,arm
alu_32bit,Arithmetic & Branch Unit,32-bit Multi-Function ALU (Lighthouse SoC),alu_32bit,8,strash; resub; resub -z; refactor; dc2; dc2; refactor -z; balance; map,6,3907.8060,175.5600,3732.2460,4.49,29,3888,50.02,1.7724,0.2400,0.0400,0,2026-08-22T18:15:22.171320,Yosys 0.67+post (git sha1 b8e7da6f40ae8f552c116bf6c359b07c6533e159),NangateOpenCellLibrary_typical.lib (45nm OpenROAD),macOS-26.4-arm64-arm-64bit-Mach-O,arm
alu_32bit,Arithmetic & Branch Unit,32-bit Multi-Function ALU (Lighthouse SoC),alu_32bit,9,strash; refactor -z; refactor -z; resub; dc2; balance; fraig; balance; map,6,3846.6260,175.5600,3671.0660,4.56,29,3888,51.34,1.5711,0.2500,0.0300,0,2026-08-22T18:15:23.743758,Yosys 0.67+post (git sha1 b8e7da6f40ae8f552c116bf6c359b07c6533e159),NangateOpenCellLibrary_typical.lib (45nm OpenROAD),macOS-26.4-arm64-arm-64bit-Mach-O,arm
alu_32bit,Arithmetic & Branch Unit,32-bit Multi-Function ALU (Lighthouse SoC),alu_32bit,10,strash; resub; resub -z; refactor; resub; resub -z; refactor -z; balance; map,6,3908.6040,175.5600,3733.0440,4.49,29,3888,50.14,1.5063,0.2600,0.0300,0,2026-08-22T18:15:25.251125,Yosys 0.67+post (git sha1 b8e7da6f40ae8f552c116bf6c359b07c6533e159),NangateOpenCellLibrary_typical.lib (45nm OpenROAD),macOS-26.4-arm64-arm-64bit-Mach-O,arm
alu_32bit,Arithmetic & Branch Unit,32-bit Multi-Function ALU (Lighthouse SoC),alu_32bit,11,strash; dc2; refactor -z; rewrite -z; refactor; refactor; balance; balance; map,6,3856.2020,175.5600,3680.6420,4.55,29,3888,50.39,1.6889,0.2400,0.0300,0,2026-08-22T18:15:26.941133,Yosys 0.67+post (git sha1 b8e7da6f40ae8f552c116bf6c359b07c6533e159),NangateOpenCellLibrary_typical.lib (45nm OpenROAD),macOS-26.4-arm64-arm-64bit-Mach-O,arm
alu_32bit,Arithmetic & Branch Unit,32-bit Multi-Function ALU (Lighthouse SoC),alu_32bit,12,strash; rewrite -z; resub; refactor -z; fraig; dc2; fraig; balance; map,6,3823.4840,175.5600,3647.9240,4.59,29,3888,44.23,1.5207,0.2400,0.0300,0,2026-08-22T18:15:28.462945,Yosys 0.67+post (git sha1 b8e7da6f40ae8f552c116bf6c359b07c6533e159),NangateOpenCellLibrary_typical.lib (45nm OpenROAD),macOS-26.4-arm64-arm-64bit-Mach-O,arm
alu_32bit,Arithmetic & Branch Unit,32-bit Multi-Function ALU (Lighthouse SoC),alu_32bit,13,strash; resub; balance; balance; rewrite; balance; resub -z; balance; map,6,3974.0400,175.5600,3798.4800,4.42,29,3888,51.91,1.1885,0.2400,0.0200,0,2026-08-22T18:15:29.652469,Yosys 0.67+post (git sha1 b8e7da6f40ae8f552c116bf6c359b07c6533e159),NangateOpenCellLibrary_typical.lib (45nm OpenROAD),macOS-26.4-arm64-arm-64bit-Mach-O,arm
alu_32bit,Arithmetic & Branch Unit,32-bit Multi-Function ALU (Lighthouse SoC),alu_32bit,14,strash; resub; dc2; dc2; rewrite; refactor; rewrite; balance; map,6,3891.8460,175.5600,3716.2860,4.51,29,3888,51.80,1.7802,0.2400,0.0200,0,2026-08-22T18:15:31.433788,Yosys 0.67+post (git sha1 b8e7da6f40ae8f552c116bf6c359b07c6533e159),NangateOpenCellLibrary_typical.lib (45nm OpenROAD),macOS-26.4-arm64-arm-64bit-Mach-O,arm
alu_32bit,Arithmetic & Branch Unit,32-bit Multi-Function ALU (Lighthouse SoC),alu_32bit,15,strash; resub; balance; resub -z; dc2; refactor; resub -z; balance; map,6,3864.9800,175.5600,3689.4200,4.54,29,3888,54.75,1.4021,0.2400,0.0200,0,2026-08-22T18:15:32.837104,Yosys 0.67+post (git sha1 b8e7da6f40ae8f552c116bf6c359b07c6533e159),NangateOpenCellLibrary_typical.lib (45nm OpenROAD),macOS-26.4-arm64-arm-64bit-Mach-O,arm
alu_32bit,Arithmetic & Branch Unit,32-bit Multi-Function ALU (Lighthouse SoC),alu_32bit,16,strash; resub -z; resub -z; rewrite -z; dc2; fraig; fraig; balance; map,6,3920.3080,175.5600,3744.7480,4.48,29,3888,51.81,1.4108,0.2400,0.0200,0,2026-08-22T18:15:34.248913,Yosys 0.67+post (git sha1 b8e7da6f40ae8f552c116bf6c359b07c6533e159),NangateOpenCellLibrary_typical.lib (45nm OpenROAD),macOS-26.4-arm64-arm-64bit-Mach-O,arm
alu_32bit,Arithmetic & Branch Unit,32-bit Multi-Function ALU (Lighthouse SoC),alu_32bit,17,strash; rewrite -z; dc2; fraig; rewrite; rewrite; refactor; balance; map,6,3859.6600,175.5600,3684.1000,4.55,29,3888,51.53,1.5234,0.2400,0.0200,0,2026-08-22T18:15:35.773440,Yosys 0.67+post (git sha1 b8e7da6f40ae8f552c116bf6c359b07c6533e159),NangateOpenCellLibrary_typical.lib (45nm OpenROAD),macOS-26.4-arm64-arm-64bit-Mach-O,arm
alu_32bit,Arithmetic & Branch Unit,32-bit Multi-Function ALU (Lighthouse SoC),alu_32bit,18,strash; dc2; rewrite -z; rewrite -z; resub -z; rewrite; resub -z; balance; map,6,3894.7720,175.5600,3719.2120,4.51,29,3888,51.34,1.5077,0.2400,0.0200,0,2026-08-22T18:15:37.282203,Yosys 0.67+post (git sha1 b8e7da6f40ae8f552c116bf6c359b07c6533e159),NangateOpenCellLibrary_typical.lib (45nm OpenROAD),macOS-26.4-arm64-arm-64bit-Mach-O,arm
alu_32bit,Arithmetic & Branch Unit,32-bit Multi-Function ALU (Lighthouse SoC),alu_32bit,19,strash; rewrite -z; fraig; rewrite; rewrite; dc2; rewrite -z; balance; map,6,3949.3020,175.5600,3773.7420,4.45,29,3888,52.25,1.5806,0.2600,0.0200,0,2026-08-22T18:15:38.863808,Yosys 0.67+post (git sha1 b8e7da6f40ae8f552c116bf6c359b07c6533e159),NangateOpenCellLibrary_typical.lib (45nm OpenROAD),macOS-26.4-arm64-arm-64bit-Mach-O,arm
alu_32bit,Arithmetic & Branch Unit,32-bit Multi-Function ALU (Lighthouse SoC),alu_32bit,20,strash; balance; resub -z; resub -z; balance; resub -z; fraig; balance; map,6,4054.6380,175.5600,3879.0780,4.33,29,3888,51.36,1.1154,0.2400,0.0200,0,2026-08-22T18:15:39.980266,Yosys 0.67+post (git sha1 b8e7da6f40ae8f552c116bf6c359b07c6533e159),NangateOpenCellLibrary_typical.lib (45nm OpenROAD),macOS-26.4-arm64-arm-64bit-Mach-O,arm
alu_32bit,Arithmetic & Branch Unit,32-bit Multi-Function ALU (Lighthouse SoC),alu_32bit,21,strash; fraig; balance; balance; rewrite -z; resub -z; rewrite; balance; map,6,3787.0420,175.5600,3611.4820,4.64,29,3888,51.28,1.2186,0.2400,0.0200,0,2026-08-22T18:15:41.199924,Yosys 0.67+post (git sha1 b8e7da6f40ae8f552c116bf6c359b07c6533e159),NangateOpenCellLibrary_typical.lib (45nm OpenROAD),macOS-26.4-arm64-arm-64bit-Mach-O,arm
alu_32bit,Arithmetic & Branch Unit,32-bit Multi-Function ALU (Lighthouse SoC),alu_32bit,22,strash; balance; refactor; rewrite; fraig; fraig; rewrite -z; balance; map,6,3868.9700,175.5600,3693.4100,4.54,29,3888,51.47,1.2554,0.2400,0.0200,0,2026-08-22T18:15:42.456366,Yosys 0.67+post (git sha1 b8e7da6f40ae8f552c116bf6c359b07c6533e159),NangateOpenCellLibrary_typical.lib (45nm OpenROAD),macOS-26.4-arm64-arm-64bit-Mach-O,arm
alu_32bit,Arithmetic & Branch Unit,32-bit Multi-Function ALU (Lighthouse SoC),alu_32bit,23,strash; resub -z; balance; dc2; balance; refactor; rewrite; balance; map,6,3864.4480,175.5600,3688.8880,4.54,29,3888,52.81,1.3987,0.2400,0.0200,0,2026-08-22T18:15:43.856114,Yosys 0.67+post (git sha1 b8e7da6f40ae8f552c116bf6c359b07c6533e159),NangateOpenCellLibrary_typical.lib (45nm OpenROAD),macOS-26.4-arm64-arm-64bit-Mach-O,arm
alu_32bit,Arithmetic & Branch Unit,32-bit Multi-Function ALU (Lighthouse SoC),alu_32bit,24,strash; fraig; fraig; resub -z; resub -z; balance; rewrite; balance; map,6,3968.9860,175.5600,3793.4260,4.42,29,3888,51.52,1.2267,0.2400,0.0200,0,2026-08-22T18:15:45.083826,Yosys 0.67+post (git sha1 b8e7da6f40ae8f552c116bf6c359b07c6533e159),NangateOpenCellLibrary_typical.lib (45nm OpenROAD),macOS-26.4-arm64-arm-64bit-Mach-O,arm
alu_32bit,Arithmetic & Branch Unit,32-bit Multi-Function ALU (Lighthouse SoC),alu_32bit,25,strash; fraig; refactor; resub -z; resub -z; dc2; rewrite -z; balance; map,6,3902.2200,175.5600,3726.6600,4.50,29,3888,51.59,1.4410,0.2400,0.0200,0,2026-08-22T18:15:46.525932,Yosys 0.67+post (git sha1 b8e7da6f40ae8f552c116bf6c359b07c6533e159),NangateOpenCellLibrary_typical.lib (45nm OpenROAD),macOS-26.4-arm64-arm-64bit-Mach-O,arm
gcd,Hardware Accelerator,GCD Accelerator (OpenROAD Suite),gcd,1,strash; refactor; rewrite -z; resub; balance; resub; refactor -z; balance; map,6,449.8060,158.2700,291.5360,35.19,76,340,34.25,0.2800,0.1000,0.0100,0,2026-08-22T18:15:46.807849,Yosys 0.67+post (git sha1 b8e7da6f40ae8f552c116bf6c359b07c6533e159),NangateOpenCellLibrary_typical.lib (45nm OpenROAD),macOS-26.4-arm64-arm-64bit-Mach-O,arm
gcd,Hardware Accelerator,GCD Accelerator (OpenROAD Suite),gcd,2,strash; resub; refactor; fraig; rewrite -z; refactor -z; rewrite; balance; map,6,457.7860,158.2700,299.5160,34.57,76,340,34.34,0.2825,0.1000,0.0100,0,2026-08-22T18:15:47.092152,Yosys 0.67+post (git sha1 b8e7da6f40ae8f552c116bf6c359b07c6533e159),NangateOpenCellLibrary_typical.lib (45nm OpenROAD),macOS-26.4-arm64-arm-64bit-Mach-O,arm
gcd,Hardware Accelerator,GCD Accelerator (OpenROAD Suite),gcd,3,strash; dc2; refactor; dc2; resub; fraig; dc2; balance; map,6,429.0580,158.2700,270.7880,36.89,76,340,34.27,0.3051,0.1000,0.0100,0,2026-08-22T18:15:47.399026,Yosys 0.67+post (git sha1 b8e7da6f40ae8f552c116bf6c359b07c6533e159),NangateOpenCellLibrary_typical.lib (45nm OpenROAD),macOS-26.4-arm64-arm-64bit-Mach-O,arm
gcd,Hardware Accelerator,GCD Accelerator (OpenROAD Suite),gcd,4,strash; balance; fraig; rewrite -z; rewrite -z; balance; resub -z; balance; map,6,485.9820,158.2700,327.7120,32.57,76,340,34.39,0.2792,0.1000,0.0100,0,2026-08-22T18:15:47.680037,Yosys 0.67+post (git sha1 b8e7da6f40ae8f552c116bf6c359b07c6533e159),NangateOpenCellLibrary_typical.lib (45nm OpenROAD),macOS-26.4-arm64-arm-64bit-Mach-O,arm
gcd,Hardware Accelerator,GCD Accelerator (OpenROAD Suite),gcd,5,strash; refactor; fraig; balance; rewrite -z; rewrite; dc2; balance; map,6,445.0180,158.2700,286.7480,35.56,76,340,34.47,0.2866,0.0900,0.0100,0,2026-08-22T18:15:47.968373,Yosys 0.67+post (git sha1 b8e7da6f40ae8f552c116bf6c359b07c6533e159),NangateOpenCellLibrary_typical.lib (45nm OpenROAD),macOS-26.4-arm64-arm-64bit-Mach-O,arm
gcd,Hardware Accelerator,GCD Accelerator (OpenROAD Suite),gcd,6,strash; rewrite -z; balance; fraig; dc2; refactor; rewrite; balance; map,6,445.0180,158.2700,286.7480,35.56,76,340,34.00,0.2852,0.1000,0.0100,0,2026-08-22T18:15:48.255437,Yosys 0.67+post (git sha1 b8e7da6f40ae8f552c116bf6c359b07c6533e159),NangateOpenCellLibrary_typical.lib (45nm OpenROAD),macOS-26.4-arm64-arm-64bit-Mach-O,arm
gcd,Hardware Accelerator,GCD Accelerator (OpenROAD Suite),gcd,7,strash; balance; resub; refactor; balance; refactor -z; resub; balance; map,6,460.4460,158.2700,302.1760,34.37,76,340,34.34,0.2732,0.0900,0.0100,0,2026-08-22T18:15:48.530481,Yosys 0.67+post (git sha1 b8e7da6f40ae8f552c116bf6c359b07c6533e159),NangateOpenCellLibrary_typical.lib (45nm OpenROAD),macOS-26.4-arm64-arm-64bit-Mach-O,arm
gcd,Hardware Accelerator,GCD Accelerator (OpenROAD Suite),gcd,8,strash; resub; resub -z; refactor; dc2; dc2; refactor -z; balance; map,6,435.1760,158.2700,276.9060,36.37,76,340,34.11,0.3063,0.0900,0.0100,0,2026-08-22T18:15:48.838583,Yosys 0.67+post (git sha1 b8e7da6f40ae8f552c116bf6c359b07c6533e159),NangateOpenCellLibrary_typical.lib (45nm OpenROAD),macOS-26.4-arm64-arm-64bit-Mach-O,arm
gcd,Hardware Accelerator,GCD Accelerator (OpenROAD Suite),gcd,9,strash; refactor -z; refactor -z; resub; dc2; balance; fraig; balance; map,6,442.3580,158.2700,284.0880,35.78,76,340,34.23,0.2829,0.0900,0.0100,0,2026-08-22T18:15:49.123449,Yosys 0.67+post (git sha1 b8e7da6f40ae8f552c116bf6c359b07c6533e159),NangateOpenCellLibrary_typical.lib (45nm OpenROAD),macOS-26.4-arm64-arm-64bit-Mach-O,arm
gcd,Hardware Accelerator,GCD Accelerator (OpenROAD Suite),gcd,10,strash; resub; resub -z; refactor; resub; resub -z; refactor -z; balance; map,6,460.4460,158.2700,302.1760,34.37,76,340,34.00,0.2778,0.1000,0.0100,0,2026-08-22T18:15:49.403113,Yosys 0.67+post (git sha1 b8e7da6f40ae8f552c116bf6c359b07c6533e159),NangateOpenCellLibrary_typical.lib (45nm OpenROAD),macOS-26.4-arm64-arm-64bit-Mach-O,arm
gcd,Hardware Accelerator,GCD Accelerator (OpenROAD Suite),gcd,11,strash; dc2; refactor -z; rewrite -z; refactor; refactor; balance; balance; map,6,444.4860,158.2700,286.2160,35.61,76,340,34.14,0.2838,0.0900,0.0100,0,2026-08-22T18:15:49.688685,Yosys 0.67+post (git sha1 b8e7da6f40ae8f552c116bf6c359b07c6533e159),NangateOpenCellLibrary_typical.lib (45nm OpenROAD),macOS-26.4-arm64-arm-64bit-Mach-O,arm
gcd,Hardware Accelerator,GCD Accelerator (OpenROAD Suite),gcd,12,strash; rewrite -z; resub; refactor -z; fraig; dc2; fraig; balance; map,6,425.3340,158.2700,267.0640,37.21,76,340,34.25,0.2921,0.1000,0.0100,0,2026-08-22T18:15:49.982575,Yosys 0.67+post (git sha1 b8e7da6f40ae8f552c116bf6c359b07c6533e159),NangateOpenCellLibrary_typical.lib (45nm OpenROAD),macOS-26.4-arm64-arm-64bit-Mach-O,arm
gcd,Hardware Accelerator,GCD Accelerator (OpenROAD Suite),gcd,13,strash; resub; balance; balance; rewrite; balance; resub -z; balance; map,6,493.1640,158.2700,334.8940,32.09,76,340,34.23,0.2718,0.0900,0.0100,0,2026-08-22T18:15:50.256216,Yosys 0.67+post (git sha1 b8e7da6f40ae8f552c116bf6c359b07c6533e159),NangateOpenCellLibrary_typical.lib (45nm OpenROAD),macOS-26.4-arm64-arm-64bit-Mach-O,arm
gcd,Hardware Accelerator,GCD Accelerator (OpenROAD Suite),gcd,14,strash; resub; dc2; dc2; rewrite; refactor; rewrite; balance; map,6,429.8560,158.2700,271.5860,36.82,76,340,34.00,0.3022,0.1000,0.0100,0,2026-08-22T18:15:50.560202,Yosys 0.67+post (git sha1 b8e7da6f40ae8f552c116bf6c359b07c6533e159),NangateOpenCellLibrary_typical.lib (45nm OpenROAD),macOS-26.4-arm64-arm-64bit-Mach-O,arm
gcd,Hardware Accelerator,GCD Accelerator (OpenROAD Suite),gcd,15,strash; resub; balance; resub -z; dc2; refactor; resub -z; balance; map,6,427.9940,158.2700,269.7240,36.98,76,340,33.92,0.2946,0.0900,0.0100,0,2026-08-22T18:15:50.856588,Yosys 0.67+post (git sha1 b8e7da6f40ae8f552c116bf6c359b07c6533e159),NangateOpenCellLibrary_typical.lib (45nm OpenROAD),macOS-26.4-arm64-arm-64bit-Mach-O,arm
gcd,Hardware Accelerator,GCD Accelerator (OpenROAD Suite),gcd,16,strash; resub -z; resub -z; rewrite -z; dc2; fraig; fraig; balance; map,6,439.6980,158.2700,281.4280,36.00,76,340,34.28,0.2886,0.1000,0.0100,0,2026-08-22T18:15:51.147015,Yosys 0.67+post (git sha1 b8e7da6f40ae8f552c116bf6c359b07c6533e159),NangateOpenCellLibrary_typical.lib (45nm OpenROAD),macOS-26.4-arm64-arm-64bit-Mach-O,arm
gcd,Hardware Accelerator,GCD Accelerator (OpenROAD Suite),gcd,17,strash; rewrite -z; dc2; fraig; rewrite; rewrite; refactor; balance; map,6,447.6780,158.2700,289.4080,35.35,76,340,34.08,0.2918,0.0900,0.0100,0,2026-08-22T18:15:51.440652,Yosys 0.67+post (git sha1 b8e7da6f40ae8f552c116bf6c359b07c6533e159),NangateOpenCellLibrary_typical.lib (45nm OpenROAD),macOS-26.4-arm64-arm-64bit-Mach-O,arm
gcd,Hardware Accelerator,GCD Accelerator (OpenROAD Suite),gcd,18,strash; dc2; rewrite -z; rewrite -z; resub -z; rewrite; resub -z; balance; map,6,455.9240,158.2700,297.6540,34.71,76,340,34.42,0.3021,0.0900,0.0100,0,2026-08-22T18:15:51.744614,Yosys 0.67+post (git sha1 b8e7da6f40ae8f552c116bf6c359b07c6533e159),NangateOpenCellLibrary_typical.lib (45nm OpenROAD),macOS-26.4-arm64-arm-64bit-Mach-O,arm
gcd,Hardware Accelerator,GCD Accelerator (OpenROAD Suite),gcd,19,strash; rewrite -z; fraig; rewrite; rewrite; dc2; rewrite -z; balance; map,6,457.2540,158.2700,298.9840,34.61,76,340,34.17,0.3121,0.1000,0.0100,0,2026-08-22T18:15:52.058537,Yosys 0.67+post (git sha1 b8e7da6f40ae8f552c116bf6c359b07c6533e159),NangateOpenCellLibrary_typical.lib (45nm OpenROAD),macOS-26.4-arm64-arm-64bit-Mach-O,arm
gcd,Hardware Accelerator,GCD Accelerator (OpenROAD Suite),gcd,20,strash; balance; resub -z; resub -z; balance; resub -z; fraig; balance; map,6,490.5040,158.2700,332.2340,32.27,76,340,33.98,0.2639,0.0900,0.0100,0,2026-08-22T18:15:52.324227,Yosys 0.67+post (git sha1 b8e7da6f40ae8f552c116bf6c359b07c6533e159),NangateOpenCellLibrary_typical.lib (45nm OpenROAD),macOS-26.4-arm64-arm-64bit-Mach-O,arm
gcd,Hardware Accelerator,GCD Accelerator (OpenROAD Suite),gcd,21,strash; fraig; balance; balance; rewrite -z; resub -z; rewrite; balance; map,6,479.8640,158.2700,321.5940,32.98,76,340,34.20,0.2837,0.0900,0.0100,0,2026-08-22T18:15:52.609692,Yosys 0.67+post (git sha1 b8e7da6f40ae8f552c116bf6c359b07c6533e159),NangateOpenCellLibrary_typical.lib (45nm OpenROAD),macOS-26.4-arm64-arm-64bit-Mach-O,arm
gcd,Hardware Accelerator,GCD Accelerator (OpenROAD Suite),gcd,22,strash; balance; refactor; rewrite; fraig; fraig; rewrite -z; balance; map,6,453.7960,158.2700,295.5260,34.88,76,340,34.05,0.2758,0.1000,0.0100,0,2026-08-22T18:15:52.887306,Yosys 0.67+post (git sha1 b8e7da6f40ae8f552c116bf6c359b07c6533e159),NangateOpenCellLibrary_typical.lib (45nm OpenROAD),macOS-26.4-arm64-arm-64bit-Mach-O,arm
gcd,Hardware Accelerator,GCD Accelerator (OpenROAD Suite),gcd,23,strash; resub -z; balance; dc2; balance; refactor; rewrite; balance; map,6,448.4760,158.2700,290.2060,35.29,76,340,34.11,0.2828,0.1000,0.0100,0,2026-08-22T18:15:53.171984,Yosys 0.67+post (git sha1 b8e7da6f40ae8f552c116bf6c359b07c6533e159),NangateOpenCellLibrary_typical.lib (45nm OpenROAD),macOS-26.4-arm64-arm-64bit-Mach-O,arm
gcd,Hardware Accelerator,GCD Accelerator (OpenROAD Suite),gcd,24,strash; fraig; fraig; resub -z; resub -z; balance; rewrite; balance; map,6,493.1640,158.2700,334.8940,32.09,76,340,34.16,0.2722,0.0900,0.0100,0,2026-08-22T18:15:53.446144,Yosys 0.67+post (git sha1 b8e7da6f40ae8f552c116bf6c359b07c6533e159),NangateOpenCellLibrary_typical.lib (45nm OpenROAD),macOS-26.4-arm64-arm-64bit-Mach-O,arm
gcd,Hardware Accelerator,GCD Accelerator (OpenROAD Suite),gcd,25,strash; fraig; refactor; resub -z; resub -z; dc2; rewrite -z; balance; map,6,446.0820,158.2700,287.8120,35.48,76,340,34.11,0.2902,0.1000,0.0100,0,2026-08-22T18:15:53.738201,Yosys 0.67+post (git sha1 b8e7da6f40ae8f552c116bf6c359b07c6533e159),NangateOpenCellLibrary_typical.lib (45nm OpenROAD),macOS-26.4-arm64-arm-64bit-Mach-O,arm
