# AI Accelerator Scaling Frontier Dataset (2012-2024), accelerators including GPUs
# Audited 2026-09-28: TPU v1-v3 checked against Jouppi et al., ISCA 2021 Table 1; TPU v2 TDP, bf16 peak, and bandwidth corrected;
# transistor counts and TDPs that no public primary source states are N/A. Die_Area_mm2 and the FP32/FP8/FP4 and memory
# columns for non-NVIDIA/AMD parts are carried from the earlier compilation and are not individually audited.
# Figures that use this file: fig-ch02-accelerator-scaling-frontier (NVIDIA rows only) and fig-microprocessor-trends
# (running-maximum frontier of packaged parts with stated transistors/TDP, plus Cerebras transistor counts).
# Operational Intensity = Peak Compute / Memory Bandwidth (FLOP/Byte); Bytes per FLOP = Memory Bandwidth / Peak Compute
Chip_Name,Vendor,Release_Year,Process_Node,Transistors_Billion,Die_Area_mm2,Packaging_Type,TDP_Watts,Peak_FP32_TFLOPS,Peak_FP16_BF16_TFLOPS,Peak_FP8_TFLOPS,Peak_FP4_TFLOPS,Memory_Technology,Memory_Capacity_GB,Memory_Bandwidth_GBs,Bytes_Per_FLOP_Primary,Operational_Intensity_FLOP_Per_Byte,Primary_Source_Citation
NVIDIA Kepler K20X,NVIDIA,2012,TSMC 28nm,7.1,551,Monolithic (PCIe),235,3.94,3.94,0.0,0.0,GDDR5,6.0,250.0,0.06353,15.74,NVIDIA Kepler GK110 Architecture Whitepaper (2012); NVIDIA Tesla K20X board specification
NVIDIA Tesla P100 SXM2,NVIDIA,2016,TSMC 16nm,15.3,610,Monolithic (2.5D CoWoS-S),300,10.6,21.2,0.0,0.0,HBM2,16.0,732.0,0.03453,28.96,"Foley & Danskin, IEEE Micro 37(2), 2017"
NVIDIA Tesla V100 SXM2,NVIDIA,2017,TSMC 12nm,21.1,815,Monolithic (2.5D CoWoS-S),300,15.7,125.0,0.0,0.0,HBM2,16.0,900.0,0.00720,138.89,"Choquette et al., IEEE Micro 38(2), 2018"
NVIDIA A100 SXM4 (40GB),NVIDIA,2020,TSMC 7nm,54.2,826,Monolithic (2.5D CoWoS-S),400,19.5,312.0,0.0,0.0,HBM2,40.0,1555.0,0.00498,200.64,"Choquette et al., IEEE Micro 41(2), 2021"
NVIDIA H100 SXM5 (80GB),NVIDIA,2022,TSMC 4N,80.0,814,Monolithic (2.5D CoWoS-S),700,67.0,989.5,1979.0,0.0,HBM3,80.0,3350.0,0.00339,295.37,"Choquette, IEEE Micro 43(3), 2023"
NVIDIA Blackwell B200 SXM,NVIDIA,2024,TSMC 4NP,208.0,N/A,Dual-die Chiplet (2.5D CoWoS-L),1000,80.0,2250.0,4500.0,9000.0,HBM3e,192.0,8000.0,0.00356,281.25,NVIDIA Blackwell Architecture Technical Brief (2024); HGX B200 specification (1000 W)
Google TPU v1,Google,2015,TSMC 28nm,3.0,330,Monolithic (PCIe),75,0.0,0.0,0.0,0.0,DDR3 + SRAM,8.0,34.0,0.00037,2710.59,"Jouppi et al., ISCA 2017 (DOI: 10.1145/3079856.3080246); Jouppi et al., ISCA 2021 Table 1 (3B transistors, die <330 mm2, TDP 75 W)"
Google TPU v2,Google,2017,TSMC 16nm,9.0,625,Monolithic (2.5D CoWoS),280,0.0,46.0,0.0,0.0,HBM,16.0,700.0,0.01522,65.71,"Jouppi et al., ISCA 2021 Table 1 (DOI: 10.1109/ISCA52012.2021.00010): 9B transistors, die <625 mm2, TDP 280 W, 46 TFLOPS bf16, 700 GB/s"
Google TPU v3,Google,2018,TSMC 16nm,10.0,700,Monolithic (2.5D CoWoS),450,0.0,123.0,0.0,0.0,HBM2,32.0,900.0,0.00732,136.67,"Jouppi et al., ISCA 2021 Table 1 (DOI: 10.1109/ISCA52012.2021.00010): 10B transistors, die <700 mm2, TDP 450 W, 123 TFLOPS bf16, 900 GB/s"
Google TPU v4,Google,2021,TSMC 7nm,22.0,600,Monolithic (2.5D CoWoS),N/A,0.0,275.0,0.0,0.0,HBM2e + SRAM,32.0,1200.0,0.00436,229.17,"Jouppi et al., ISCA 2023 (DOI: 10.1145/3579371.3589350): 22B transistors, die <600 mm2; chip TDP not stated"
Google TPU v5e,Google,2023,TSMC 5nm,N/A,N/A,Monolithic (2.5D CoWoS),N/A,0.0,197.0,0.0,0.0,HBM2e,16.0,819.0,0.00416,240.54,"Google Cloud TPU v5e documentation (compute, memory, bandwidth); transistors, die area, and TDP not published"
Google TPU v5p,Google,2023,TSMC 5nm,N/A,N/A,Monolithic (2.5D CoWoS),N/A,0.0,459.0,0.0,0.0,HBM3,95.0,2765.0,0.00602,166.00,"Google Cloud TPU v5p documentation (compute, memory, bandwidth); transistors, die area, and TDP not published"
Google TPU v6e (Trillium),Google,2024,TSMC 4nm,N/A,N/A,Monolithic (2.5D CoWoS),N/A,0.0,918.0,0.0,0.0,HBM3,32.0,1638.0,0.00178,560.44,"Google Cloud TPU v6e documentation (compute, memory, bandwidth); transistors, die area, and TDP not published"
AMD Instinct MI100,AMD,2020,TSMC 7nm,25.6,750,Monolithic (2.5D CoWoS),300,23.1,184.6,0.0,0.0,HBM2,32.0,1228.8,0.00666,150.23,AMD Instinct MI100 datasheet and CDNA architecture whitepaper (2020)
AMD Instinct MI250X,AMD,2021,TSMC 6nm,58.0,1540,Dual-die Chiplet (2.5D EFB),560,47.9,383.0,0.0,0.0,HBM2e,128.0,3276.8,0.00856,116.88,AMD Instinct MI250X datasheet; AMD CDNA 2 architecture whitepaper (2021)
AMD Instinct MI300X,AMD,2023,TSMC 5nm/6nm,153.0,1017,3D Chiplet (TSMC SoIC-X + CoWoS),750,81.7,1307.4,2614.8,0.0,HBM3 + SRAM,192.0,5300.0,0.00405,246.68,"AMD Instinct MI300X datasheet (2023); Smith et al., ISSCC 2024"
Cerebras WSE-1,Cerebras,2019,TSMC 16nm,1200.0,46225,Wafer-Scale Integration,N/A,0.0,10000.0,0.0,0.0,On-chip SRAM,18.0,9000000.0,0.90000,1.11,"Lie, Hot Chips 31 (2019); chip-level power not separately audited"
Cerebras WSE-2,Cerebras,2021,TSMC 7nm,2600.0,46225,Wafer-Scale Integration,N/A,0.0,35000.0,0.0,0.0,On-chip SRAM,40.0,20000000.0,0.57143,1.75,"Lie, Hot Chips 33 (2021); chip-level power not separately audited"
Cerebras WSE-3,Cerebras,2024,TSMC 5nm,4000.0,46225,Wafer-Scale Integration,N/A,0.0,125000.0,0.0,0.0,On-chip SRAM,44.0,21000000.0,0.16800,5.95,Cerebras WSE-3 product announcement and datasheet (2024); chip-level power not separately audited
Groq LPU v1 (TSP),Groq,2020,GlobalFoundries 14nm,26.8,725,Monolithic (PCIe),N/A,0.0,188.0,0.0,0.0,On-chip SRAM,0.23,80000.0,0.42553,2.35,"Abts et al., ISCA 2020 (DOI: 10.1109/ISCA45697.2020.00023); TDP not audited"
Intel/Habana Gaudi 1,Intel/Habana,2019,TSMC 16nm,N/A,500,Monolithic (2.5D CoWoS),300,0.0,60.0,0.0,0.0,HBM2 + SRAM,32.0,1000.0,0.01667,60.00,"Medina, Hot Chips 31 (2019); Habana HL-205 datasheet (300 W max); transistor count not published"
Intel/Habana Gaudi 2,Intel/Habana,2022,TSMC 7nm,N/A,650,Monolithic (2.5D CoWoS),600,0.0,432.0,865.0,0.0,HBM2e + SRAM,96.0,2457.6,0.00569,175.78,Habana HL-225 datasheet (600 W card TDP); transistor count not published
Intel Gaudi 3,Intel,2024,TSMC 5nm,N/A,1000,Dual-die Chiplet (2.5D Bridge),900,0.0,1835.0,1835.0,0.0,HBM2e + SRAM,128.0,3670.0,0.00200,500.00,"Intel Gaudi 3 AI Accelerator white paper (2024), HL-325L OAM (900 W); transistor count not published"
