# Chip design-cost estimates by process node, one row per published estimate.
# Audited 2026-09-28: every plotted value is an International Business Strategies (IBS) estimate, labeled by vintage.
# The IBS 2018 and IBS 2022 series use different assumptions, so values from different vintages are not a controlled
# node-scaling series (7 nm appears in both: 297.8 vs 249). Earlier revisions attributed the 2018 values to McKinsey (2020),
# whose rounded values match the IBS 2018 series; they are now attributed to the IBS figures as reported by Semiconductor Engineering.
node_nm,cost_musd,estimate_vintage,plotted,evidence_type,source,accounting_boundary
28,51.3,IBS 2018,yes,source-transcribed,"LaPedus, Semiconductor Engineering, June 21, 2018, reporting IBS [@LaPedus2018BigTrouble3nm]",IC design cost for a 28 nm planar device; IBS scope
7,297.8,IBS 2018,yes,source-transcribed,"LaPedus, Semiconductor Engineering, June 21, 2018, reporting IBS [@LaPedus2018BigTrouble3nm]",IC design cost for a 7 nm chip; IBS scope
5,542.2,IBS 2018,yes,source-transcribed,"LaPedus, Semiconductor Engineering, June 21, 2018, reporting IBS [@LaPedus2018BigTrouble3nm]",IC design cost for a 5 nm chip; IBS scope
7,249,IBS 2022,yes,source-transcribed,"Arm Holdings plc, Form 424B4, SEC, September 14, 2023 [@ArmHoldings2023Prospectus]","IBS July 2022 estimate for IC design cost at 7 nm, as cited in the Arm prospectus"
2,725,IBS 2022,yes,source-transcribed,"Arm Holdings plc, Form 424B4, SEC, September 14, 2023 [@ArmHoldings2023Prospectus]","IBS July 2022 estimate for IC design cost at 2 nm, as cited in the Arm prospectus"
2,514.75,IBS 2022,no,derived-from-stated-share,"Arm Holdings plc, Form 424B4, SEC, September 14, 2023 [@ArmHoldings2023Prospectus]","Software development, verification, and IP qualification; the prospectus states 71 percent of the 725 million dollar 2 nm total"
2,210.25,IBS 2022,no,derived-from-stated-share,"Arm Holdings plc, Form 424B4, SEC, September 14, 2023 [@ArmHoldings2023Prospectus]",Remaining 29 percent of the 725 million dollar 2 nm total; the prospectus does not itemize it
65,30,SIA summary,no,stated-approximation,"Semiconductor Industry Association, Chip Design and R&D [@SemiconductorIndustryAssociation2026ChipDesign]","New chip on the latest node in 2006; public association summary, cited in prose only"
5,542,SIA summary,no,rounded-cross-check,"Semiconductor Industry Association, Chip Design and R&D [@SemiconductorIndustryAssociation2026ChipDesign]",SIA page gives $542M for a new latest-node chip in 2020; matches the IBS 2018 5 nm value
