version,organization,system,benchmark,samples_per_sec,tokens_per_sec,valid,log_url
v4.1,AMD,1xMI300X_2xEPYC-9374F,llama2-70b-99.9,10.4445,3062.72,True,https://raw.githubusercontent.com/mlcommons/inference_results_v4.1/main/closed/AMD/results/1xMI300X_2xEPYC-9374F/llama2-70b-99.9/Offline/performance/run_1/mlperf_log_summary.txt
v4.1,AMD,1xMI300X_2xEPYC-9374F,llama2-70b-99,10.4445,3062.72,True,https://raw.githubusercontent.com/mlcommons/inference_results_v4.1/main/closed/AMD/results/1xMI300X_2xEPYC-9374F/llama2-70b-99/Offline/performance/run_1/mlperf_log_summary.txt
v4.1,AMD,8xMI300X_2xEPYC-9374F,llama2-70b-99.9,80.15,23514.8,True,https://raw.githubusercontent.com/mlcommons/inference_results_v4.1/main/closed/AMD/results/8xMI300X_2xEPYC-9374F/llama2-70b-99.9/Offline/performance/run_1/mlperf_log_summary.txt
v4.1,AMD,8xMI300X_2xEPYC-9374F,llama2-70b-99,80.15,23514.8,True,https://raw.githubusercontent.com/mlcommons/inference_results_v4.1/main/closed/AMD/results/8xMI300X_2xEPYC-9374F/llama2-70b-99/Offline/performance/run_1/mlperf_log_summary.txt
v4.1,AMD,8xMI300X_2xEPYC-TURIN,llama2-70b-99.9,82.1782,24109.8,True,https://raw.githubusercontent.com/mlcommons/inference_results_v4.1/main/closed/AMD/results/8xMI300X_2xEPYC-TURIN/llama2-70b-99.9/Offline/performance/run_1/mlperf_log_summary.txt
v4.1,AMD,8xMI300X_2xEPYC-TURIN,llama2-70b-99,82.1782,24109.8,True,https://raw.githubusercontent.com/mlcommons/inference_results_v4.1/main/closed/AMD/results/8xMI300X_2xEPYC-TURIN/llama2-70b-99/Offline/performance/run_1/mlperf_log_summary.txt
v4.1,Google,DGX-H100_H100-SXM-80GBx8_TRT,3d-unet-99.9,51.3841,,True,https://raw.githubusercontent.com/mlcommons/inference_results_v4.1/main/closed/Google/results/DGX-H100_H100-SXM-80GBx8_TRT/3d-unet-99.9/Offline/performance/run_1/mlperf_log_summary.txt
v4.1,Google,DGX-H100_H100-SXM-80GBx8_TRT,3d-unet-99,51.3841,,True,https://raw.githubusercontent.com/mlcommons/inference_results_v4.1/main/closed/Google/results/DGX-H100_H100-SXM-80GBx8_TRT/3d-unet-99/Offline/performance/run_1/mlperf_log_summary.txt
v4.1,Google,DGX-H100_H100-SXM-80GBx8_TRT,dlrm-v2-99.9,375565.0,,True,https://raw.githubusercontent.com/mlcommons/inference_results_v4.1/main/closed/Google/results/DGX-H100_H100-SXM-80GBx8_TRT/dlrm-v2-99.9/Offline/performance/run_1/mlperf_log_summary.txt
v4.1,Google,DGX-H100_H100-SXM-80GBx8_TRT,llama2-70b-99.9,83.1875,24133.7,True,https://raw.githubusercontent.com/mlcommons/inference_results_v4.1/main/closed/Google/results/DGX-H100_H100-SXM-80GBx8_TRT/llama2-70b-99.9/Offline/performance/run_1/mlperf_log_summary.txt
v4.1,Google,DGX-H100_H100-SXM-80GBx8_TRT,llama2-70b-99,83.1875,24133.7,True,https://raw.githubusercontent.com/mlcommons/inference_results_v4.1/main/closed/Google/results/DGX-H100_H100-SXM-80GBx8_TRT/llama2-70b-99/Offline/performance/run_1/mlperf_log_summary.txt
v4.1,Google,DGX-H100_H100-SXM-80GBx8_TRT,mixtral-8x7b,359.913,52524.4,True,https://raw.githubusercontent.com/mlcommons/inference_results_v4.1/main/closed/Google/results/DGX-H100_H100-SXM-80GBx8_TRT/mixtral-8x7b/Offline/performance/run_1/mlperf_log_summary.txt
v4.1,Google,DGX-H100_H100-SXM-80GBx8_TRT,stable-diffusion-xl,16.2613,,True,https://raw.githubusercontent.com/mlcommons/inference_results_v4.1/main/closed/Google/results/DGX-H100_H100-SXM-80GBx8_TRT/stable-diffusion-xl/Offline/performance/run_1/mlperf_log_summary.txt
v4.1,Intel,1-node-2S-EMR-PyTorch,3d-unet-99.9,1.93632,,True,https://raw.githubusercontent.com/mlcommons/inference_results_v4.1/main/closed/Intel/results/1-node-2S-EMR-PyTorch/3d-unet-99.9/Offline/performance/run_1/mlperf_log_summary.txt
v4.1,Intel,1-node-2S-EMR-PyTorch,3d-unet-99,1.93632,,True,https://raw.githubusercontent.com/mlcommons/inference_results_v4.1/main/closed/Intel/results/1-node-2S-EMR-PyTorch/3d-unet-99/Offline/performance/run_1/mlperf_log_summary.txt
v4.1,Intel,1-node-2S-EMR-PyTorch,bert-99,1666.82,,True,https://raw.githubusercontent.com/mlcommons/inference_results_v4.1/main/closed/Intel/results/1-node-2S-EMR-PyTorch/bert-99/Offline/performance/run_1/mlperf_log_summary.txt
v4.1,Intel,1-node-2S-EMR-PyTorch,dlrm-v2-99.9,9949.2,,True,https://raw.githubusercontent.com/mlcommons/inference_results_v4.1/main/closed/Intel/results/1-node-2S-EMR-PyTorch/dlrm-v2-99.9/Offline/performance/run_1/mlperf_log_summary.txt
v4.1,Intel,1-node-2S-EMR-PyTorch,dlrm-v2-99,9949.2,,True,https://raw.githubusercontent.com/mlcommons/inference_results_v4.1/main/closed/Intel/results/1-node-2S-EMR-PyTorch/dlrm-v2-99/Offline/performance/run_1/mlperf_log_summary.txt
v4.1,Intel,1-node-2S-EMR-PyTorch,gptj-99,3.69165,,True,https://raw.githubusercontent.com/mlcommons/inference_results_v4.1/main/closed/Intel/results/1-node-2S-EMR-PyTorch/gptj-99/Offline/performance/run_1/mlperf_log_summary.txt
v4.1,Intel,1-node-2S-EMR-PyTorch,resnet50,25204.5,,True,https://raw.githubusercontent.com/mlcommons/inference_results_v4.1/main/closed/Intel/results/1-node-2S-EMR-PyTorch/resnet50/Offline/performance/run_1/mlperf_log_summary.txt
v4.1,Intel,1-node-2S-EMR-PyTorch,retinanet,377.53,,True,https://raw.githubusercontent.com/mlcommons/inference_results_v4.1/main/closed/Intel/results/1-node-2S-EMR-PyTorch/retinanet/Offline/performance/run_1/mlperf_log_summary.txt
v4.1,Intel,1-node-2S-GNR-PyTorch,3d-unet-99.9,3.28548,,True,https://raw.githubusercontent.com/mlcommons/inference_results_v4.1/main/closed/Intel/results/1-node-2S-GNR-PyTorch/3d-unet-99.9/Offline/performance/run_1/mlperf_log_summary.txt
v4.1,Intel,1-node-2S-GNR-PyTorch,3d-unet-99,3.28548,,True,https://raw.githubusercontent.com/mlcommons/inference_results_v4.1/main/closed/Intel/results/1-node-2S-GNR-PyTorch/3d-unet-99/Offline/performance/run_1/mlperf_log_summary.txt
v4.1,Intel,1-node-2S-GNR-PyTorch,bert-99,3024.03,,True,https://raw.githubusercontent.com/mlcommons/inference_results_v4.1/main/closed/Intel/results/1-node-2S-GNR-PyTorch/bert-99/Offline/performance/run_1/mlperf_log_summary.txt
v4.1,Intel,1-node-2S-GNR-PyTorch,dlrm-v2-99.9,18326.6,,True,https://raw.githubusercontent.com/mlcommons/inference_results_v4.1/main/closed/Intel/results/1-node-2S-GNR-PyTorch/dlrm-v2-99.9/Offline/performance/run_1/mlperf_log_summary.txt
v4.1,Intel,1-node-2S-GNR-PyTorch,dlrm-v2-99,18326.6,,True,https://raw.githubusercontent.com/mlcommons/inference_results_v4.1/main/closed/Intel/results/1-node-2S-GNR-PyTorch/dlrm-v2-99/Offline/performance/run_1/mlperf_log_summary.txt
v4.1,Intel,1-node-2S-GNR-PyTorch,gptj-99,7.22198,,True,https://raw.githubusercontent.com/mlcommons/inference_results_v4.1/main/closed/Intel/results/1-node-2S-GNR-PyTorch/gptj-99/Offline/performance/run_1/mlperf_log_summary.txt
v4.1,Intel,1-node-2S-GNR-PyTorch,resnet50,45617.3,,True,https://raw.githubusercontent.com/mlcommons/inference_results_v4.1/main/closed/Intel/results/1-node-2S-GNR-PyTorch/resnet50/Offline/performance/run_1/mlperf_log_summary.txt
v4.1,Intel,1-node-2S-GNR-PyTorch,retinanet,746.647,,True,https://raw.githubusercontent.com/mlcommons/inference_results_v4.1/main/closed/Intel/results/1-node-2S-GNR-PyTorch/retinanet/Offline/performance/run_1/mlperf_log_summary.txt
v4.1,NVIDIA,B200-SXM-180GBx1_TRT,llama2-70b-99.9,41.1075,11264.4,True,https://raw.githubusercontent.com/mlcommons/inference_results_v4.1/main/closed/NVIDIA/results/B200-SXM-180GBx1_TRT/llama2-70b-99.9/Offline/performance/run_1/mlperf_log_summary.txt
v4.1,NVIDIA,B200-SXM-180GBx1_TRT,llama2-70b-99,41.1075,11264.4,True,https://raw.githubusercontent.com/mlcommons/inference_results_v4.1/main/closed/NVIDIA/results/B200-SXM-180GBx1_TRT/llama2-70b-99/Offline/performance/run_1/mlperf_log_summary.txt
v4.1,NVIDIA,DGX-H100_H100-SXM-80GBx8_TRT,dlrm-v2-99.9,361613.0,,True,https://raw.githubusercontent.com/mlcommons/inference_results_v4.1/main/closed/NVIDIA/results/DGX-H100_H100-SXM-80GBx8_TRT/dlrm-v2-99.9/Offline/performance/run_1/mlperf_log_summary.txt
v4.1,NVIDIA,DGX-H100_H100-SXM-80GBx8_TRT,dlrm-v2-99,595658.0,,True,https://raw.githubusercontent.com/mlcommons/inference_results_v4.1/main/closed/NVIDIA/results/DGX-H100_H100-SXM-80GBx8_TRT/dlrm-v2-99/Offline/performance/run_1/mlperf_log_summary.txt
v4.1,NVIDIA,DGX-H100_H100-SXM-80GBx8_TRT,gptj-99.9,286.084,,True,https://raw.githubusercontent.com/mlcommons/inference_results_v4.1/main/closed/NVIDIA/results/DGX-H100_H100-SXM-80GBx8_TRT/gptj-99.9/Offline/performance/run_1/mlperf_log_summary.txt
v4.1,NVIDIA,DGX-H100_H100-SXM-80GBx8_TRT,gptj-99,286.084,,True,https://raw.githubusercontent.com/mlcommons/inference_results_v4.1/main/closed/NVIDIA/results/DGX-H100_H100-SXM-80GBx8_TRT/gptj-99/Offline/performance/run_1/mlperf_log_summary.txt
v4.1,NVIDIA,DGX-H100_H100-SXM-80GBx8_TRT,llama2-70b-99.9,84.4792,24524.9,True,https://raw.githubusercontent.com/mlcommons/inference_results_v4.1/main/closed/NVIDIA/results/DGX-H100_H100-SXM-80GBx8_TRT/llama2-70b-99.9/Offline/performance/run_1/mlperf_log_summary.txt
v4.1,NVIDIA,DGX-H100_H100-SXM-80GBx8_TRT,llama2-70b-99,84.4792,24524.9,True,https://raw.githubusercontent.com/mlcommons/inference_results_v4.1/main/closed/NVIDIA/results/DGX-H100_H100-SXM-80GBx8_TRT/llama2-70b-99/Offline/performance/run_1/mlperf_log_summary.txt
v4.1,NVIDIA,DGX-H100_H100-SXM-80GBx8_TRT,mixtral-8x7b,359.173,52415.9,True,https://raw.githubusercontent.com/mlcommons/inference_results_v4.1/main/closed/NVIDIA/results/DGX-H100_H100-SXM-80GBx8_TRT/mixtral-8x7b/Offline/performance/run_1/mlperf_log_summary.txt
v4.1,NVIDIA,DGX-H100_H100-SXM-80GBx8_TRT,stable-diffusion-xl,16.3484,,True,https://raw.githubusercontent.com/mlcommons/inference_results_v4.1/main/closed/NVIDIA/results/DGX-H100_H100-SXM-80GBx8_TRT/stable-diffusion-xl/Offline/performance/run_1/mlperf_log_summary.txt
v4.1,NVIDIA,GH200-GraceHopper-Superchip_GH200-144GB_aarch64x1_TRT,dlrm-v2-99.9,53420.6,,True,https://raw.githubusercontent.com/mlcommons/inference_results_v4.1/main/closed/NVIDIA/results/GH200-GraceHopper-Superchip_GH200-144GB_aarch64x1_TRT/dlrm-v2-99.9/Offline/performance/run_1/mlperf_log_summary.txt
v4.1,NVIDIA,GH200-GraceHopper-Superchip_GH200-144GB_aarch64x1_TRT,dlrm-v2-99,86731.2,,True,https://raw.githubusercontent.com/mlcommons/inference_results_v4.1/main/closed/NVIDIA/results/GH200-GraceHopper-Superchip_GH200-144GB_aarch64x1_TRT/dlrm-v2-99/Offline/performance/run_1/mlperf_log_summary.txt
v4.1,NVIDIA,GH200-GraceHopper-Superchip_GH200-144GB_aarch64x1_TRT,gptj-99.9,38.0825,,True,https://raw.githubusercontent.com/mlcommons/inference_results_v4.1/main/closed/NVIDIA/results/GH200-GraceHopper-Superchip_GH200-144GB_aarch64x1_TRT/gptj-99.9/Offline/performance/run_1/mlperf_log_summary.txt
v4.1,NVIDIA,GH200-GraceHopper-Superchip_GH200-144GB_aarch64x1_TRT,gptj-99,38.0825,,True,https://raw.githubusercontent.com/mlcommons/inference_results_v4.1/main/closed/NVIDIA/results/GH200-GraceHopper-Superchip_GH200-144GB_aarch64x1_TRT/gptj-99/Offline/performance/run_1/mlperf_log_summary.txt
v4.1,NVIDIA,GH200-GraceHopper-Superchip_GH200-144GB_aarch64x1_TRT,llama2-70b-99.9,13.9658,4067.52,True,https://raw.githubusercontent.com/mlcommons/inference_results_v4.1/main/closed/NVIDIA/results/GH200-GraceHopper-Superchip_GH200-144GB_aarch64x1_TRT/llama2-70b-99.9/Offline/performance/run_1/mlperf_log_summary.txt
v4.1,NVIDIA,GH200-GraceHopper-Superchip_GH200-144GB_aarch64x1_TRT,llama2-70b-99,13.9658,4067.52,True,https://raw.githubusercontent.com/mlcommons/inference_results_v4.1/main/closed/NVIDIA/results/GH200-GraceHopper-Superchip_GH200-144GB_aarch64x1_TRT/llama2-70b-99/Offline/performance/run_1/mlperf_log_summary.txt
v4.1,NVIDIA,GH200-GraceHopper-Superchip_GH200-144GB_aarch64x1_TRT,mixtral-8x7b,54.9636,8021.46,True,https://raw.githubusercontent.com/mlcommons/inference_results_v4.1/main/closed/NVIDIA/results/GH200-GraceHopper-Superchip_GH200-144GB_aarch64x1_TRT/mixtral-8x7b/Offline/performance/run_1/mlperf_log_summary.txt
v4.1,NVIDIA,GH200-GraceHopper-Superchip_GH200-144GB_aarch64x1_TRT,stable-diffusion-xl,2.30033,,True,https://raw.githubusercontent.com/mlcommons/inference_results_v4.1/main/closed/NVIDIA/results/GH200-GraceHopper-Superchip_GH200-144GB_aarch64x1_TRT/stable-diffusion-xl/Offline/performance/run_1/mlperf_log_summary.txt
v4.1,NVIDIA,H200-SXM-141GB-CTSx1_TRT,llama2-70b-99.9,15.4091,4487.88,True,https://raw.githubusercontent.com/mlcommons/inference_results_v4.1/main/closed/NVIDIA/results/H200-SXM-141GB-CTSx1_TRT/llama2-70b-99.9/Offline/performance/run_1/mlperf_log_summary.txt
v4.1,NVIDIA,H200-SXM-141GB-CTSx1_TRT,llama2-70b-99,15.4091,4487.88,True,https://raw.githubusercontent.com/mlcommons/inference_results_v4.1/main/closed/NVIDIA/results/H200-SXM-141GB-CTSx1_TRT/llama2-70b-99/Offline/performance/run_1/mlperf_log_summary.txt
v4.1,NVIDIA,H200-SXM-141GB-CTSx8_TRT,llama2-70b-99.9,119.706,34864.2,True,https://raw.githubusercontent.com/mlcommons/inference_results_v4.1/main/closed/NVIDIA/results/H200-SXM-141GB-CTSx8_TRT/llama2-70b-99.9/Offline/performance/run_1/mlperf_log_summary.txt
v4.1,NVIDIA,H200-SXM-141GB-CTSx8_TRT,llama2-70b-99,119.706,34864.2,True,https://raw.githubusercontent.com/mlcommons/inference_results_v4.1/main/closed/NVIDIA/results/H200-SXM-141GB-CTSx8_TRT/llama2-70b-99/Offline/performance/run_1/mlperf_log_summary.txt
v4.1,NVIDIA,H200-SXM-141GBx1_TRT,gptj-99.9,37.3842,,True,https://raw.githubusercontent.com/mlcommons/inference_results_v4.1/main/closed/NVIDIA/results/H200-SXM-141GBx1_TRT/gptj-99.9/Offline/performance/run_1/mlperf_log_summary.txt
v4.1,NVIDIA,H200-SXM-141GBx1_TRT,gptj-99,37.3842,,True,https://raw.githubusercontent.com/mlcommons/inference_results_v4.1/main/closed/NVIDIA/results/H200-SXM-141GBx1_TRT/gptj-99/Offline/performance/run_1/mlperf_log_summary.txt
v4.1,NVIDIA,H200-SXM-141GBx8_TRT,3d-unet-99.9,54.7136,,True,https://raw.githubusercontent.com/mlcommons/inference_results_v4.1/main/closed/NVIDIA/results/H200-SXM-141GBx8_TRT/3d-unet-99.9/Offline/performance/run_1/mlperf_log_summary.txt
v4.1,NVIDIA,H200-SXM-141GBx8_TRT,3d-unet-99,54.7136,,True,https://raw.githubusercontent.com/mlcommons/inference_results_v4.1/main/closed/NVIDIA/results/H200-SXM-141GBx8_TRT/3d-unet-99/Offline/performance/run_1/mlperf_log_summary.txt
v4.1,NVIDIA,H200-SXM-141GBx8_TRT,bert-99.9,63950.4,,True,https://raw.githubusercontent.com/mlcommons/inference_results_v4.1/main/closed/NVIDIA/results/H200-SXM-141GBx8_TRT/bert-99.9/Offline/performance/run_1/mlperf_log_summary.txt
v4.1,NVIDIA,H200-SXM-141GBx8_TRT,bert-99,73309.5,,True,https://raw.githubusercontent.com/mlcommons/inference_results_v4.1/main/closed/NVIDIA/results/H200-SXM-141GBx8_TRT/bert-99/Offline/performance/run_1/mlperf_log_summary.txt
v4.1,NVIDIA,H200-SXM-141GBx8_TRT,dlrm-v2-99.9,390953.0,,True,https://raw.githubusercontent.com/mlcommons/inference_results_v4.1/main/closed/NVIDIA/results/H200-SXM-141GBx8_TRT/dlrm-v2-99.9/Offline/performance/run_1/mlperf_log_summary.txt
v4.1,NVIDIA,H200-SXM-141GBx8_TRT,dlrm-v2-99,637342.0,,True,https://raw.githubusercontent.com/mlcommons/inference_results_v4.1/main/closed/NVIDIA/results/H200-SXM-141GBx8_TRT/dlrm-v2-99/Offline/performance/run_1/mlperf_log_summary.txt
v4.1,NVIDIA,H200-SXM-141GBx8_TRT,gptj-99.9,291.103,,True,https://raw.githubusercontent.com/mlcommons/inference_results_v4.1/main/closed/NVIDIA/results/H200-SXM-141GBx8_TRT/gptj-99.9/Offline/performance/run_1/mlperf_log_summary.txt
v4.1,NVIDIA,H200-SXM-141GBx8_TRT,gptj-99,291.103,,True,https://raw.githubusercontent.com/mlcommons/inference_results_v4.1/main/closed/NVIDIA/results/H200-SXM-141GBx8_TRT/gptj-99/Offline/performance/run_1/mlperf_log_summary.txt
v4.1,NVIDIA,H200-SXM-141GBx8_TRT,llama2-70b-99.9,107.477,31302.7,True,https://raw.githubusercontent.com/mlcommons/inference_results_v4.1/main/closed/NVIDIA/results/H200-SXM-141GBx8_TRT/llama2-70b-99.9/Offline/performance/run_1/mlperf_log_summary.txt
v4.1,NVIDIA,H200-SXM-141GBx8_TRT,llama2-70b-99,107.477,31302.7,True,https://raw.githubusercontent.com/mlcommons/inference_results_v4.1/main/closed/NVIDIA/results/H200-SXM-141GBx8_TRT/llama2-70b-99/Offline/performance/run_1/mlperf_log_summary.txt
v4.1,NVIDIA,H200-SXM-141GBx8_TRT,mixtral-8x7b,404.431,59022.3,True,https://raw.githubusercontent.com/mlcommons/inference_results_v4.1/main/closed/NVIDIA/results/H200-SXM-141GBx8_TRT/mixtral-8x7b/Offline/performance/run_1/mlperf_log_summary.txt
v4.1,NVIDIA,H200-SXM-141GBx8_TRT,resnet50,756960.0,,True,https://raw.githubusercontent.com/mlcommons/inference_results_v4.1/main/closed/NVIDIA/results/H200-SXM-141GBx8_TRT/resnet50/Offline/performance/run_1/mlperf_log_summary.txt
v4.1,NVIDIA,H200-SXM-141GBx8_TRT,retinanet,14439.0,,True,https://raw.githubusercontent.com/mlcommons/inference_results_v4.1/main/closed/NVIDIA/results/H200-SXM-141GBx8_TRT/retinanet/Offline/performance/run_1/mlperf_log_summary.txt
v4.1,NVIDIA,H200-SXM-141GBx8_TRT,stable-diffusion-xl,17.4186,,True,https://raw.githubusercontent.com/mlcommons/inference_results_v4.1/main/closed/NVIDIA/results/H200-SXM-141GBx8_TRT/stable-diffusion-xl/Offline/performance/run_1/mlperf_log_summary.txt
v4.1,NVIDIA,H200-SXM-141GBx8_TRT_MaxQ,3d-unet-99.9,41.664,,True,https://raw.githubusercontent.com/mlcommons/inference_results_v4.1/main/closed/NVIDIA/results/H200-SXM-141GBx8_TRT_MaxQ/3d-unet-99.9/Offline/performance/run_1/mlperf_log_summary.txt
v4.1,NVIDIA,H200-SXM-141GBx8_TRT_MaxQ,3d-unet-99,41.664,,True,https://raw.githubusercontent.com/mlcommons/inference_results_v4.1/main/closed/NVIDIA/results/H200-SXM-141GBx8_TRT_MaxQ/3d-unet-99/Offline/performance/run_1/mlperf_log_summary.txt
v4.1,NVIDIA,H200-SXM-141GBx8_TRT_MaxQ,bert-99.9,46534.6,,True,https://raw.githubusercontent.com/mlcommons/inference_results_v4.1/main/closed/NVIDIA/results/H200-SXM-141GBx8_TRT_MaxQ/bert-99.9/Offline/performance/run_1/mlperf_log_summary.txt
v4.1,NVIDIA,H200-SXM-141GBx8_TRT_MaxQ,bert-99,54063.2,,True,https://raw.githubusercontent.com/mlcommons/inference_results_v4.1/main/closed/NVIDIA/results/H200-SXM-141GBx8_TRT_MaxQ/bert-99/Offline/performance/run_1/mlperf_log_summary.txt
v4.1,NVIDIA,H200-SXM-141GBx8_TRT_MaxQ,dlrm-v2-99.9,305223.0,,True,https://raw.githubusercontent.com/mlcommons/inference_results_v4.1/main/closed/NVIDIA/results/H200-SXM-141GBx8_TRT_MaxQ/dlrm-v2-99.9/Offline/performance/run_1/mlperf_log_summary.txt
v4.1,NVIDIA,H200-SXM-141GBx8_TRT_MaxQ,dlrm-v2-99,503719.0,,True,https://raw.githubusercontent.com/mlcommons/inference_results_v4.1/main/closed/NVIDIA/results/H200-SXM-141GBx8_TRT_MaxQ/dlrm-v2-99/Offline/performance/run_1/mlperf_log_summary.txt
v4.1,NVIDIA,H200-SXM-141GBx8_TRT_MaxQ,gptj-99.9,189.806,,True,https://raw.githubusercontent.com/mlcommons/inference_results_v4.1/main/closed/NVIDIA/results/H200-SXM-141GBx8_TRT_MaxQ/gptj-99.9/Offline/performance/run_1/mlperf_log_summary.txt
v4.1,NVIDIA,H200-SXM-141GBx8_TRT_MaxQ,gptj-99,189.806,,True,https://raw.githubusercontent.com/mlcommons/inference_results_v4.1/main/closed/NVIDIA/results/H200-SXM-141GBx8_TRT_MaxQ/gptj-99/Offline/performance/run_1/mlperf_log_summary.txt
v4.1,NVIDIA,H200-SXM-141GBx8_TRT_MaxQ,llama2-70b-99.9,86.7369,25262.1,True,https://raw.githubusercontent.com/mlcommons/inference_results_v4.1/main/closed/NVIDIA/results/H200-SXM-141GBx8_TRT_MaxQ/llama2-70b-99.9/Offline/performance/run_1/mlperf_log_summary.txt
v4.1,NVIDIA,H200-SXM-141GBx8_TRT_MaxQ,llama2-70b-99,86.7369,25262.1,True,https://raw.githubusercontent.com/mlcommons/inference_results_v4.1/main/closed/NVIDIA/results/H200-SXM-141GBx8_TRT_MaxQ/llama2-70b-99/Offline/performance/run_1/mlperf_log_summary.txt
v4.1,NVIDIA,H200-SXM-141GBx8_TRT_MaxQ,mixtral-8x7b,335.674,48987.9,True,https://raw.githubusercontent.com/mlcommons/inference_results_v4.1/main/closed/NVIDIA/results/H200-SXM-141GBx8_TRT_MaxQ/mixtral-8x7b/Offline/performance/run_1/mlperf_log_summary.txt
v4.1,NVIDIA,H200-SXM-141GBx8_TRT_MaxQ,resnet50,556234.0,,True,https://raw.githubusercontent.com/mlcommons/inference_results_v4.1/main/closed/NVIDIA/results/H200-SXM-141GBx8_TRT_MaxQ/resnet50/Offline/performance/run_1/mlperf_log_summary.txt
v4.1,NVIDIA,H200-SXM-141GBx8_TRT_MaxQ,retinanet,10802.5,,True,https://raw.githubusercontent.com/mlcommons/inference_results_v4.1/main/closed/NVIDIA/results/H200-SXM-141GBx8_TRT_MaxQ/retinanet/Offline/performance/run_1/mlperf_log_summary.txt
v4.1,NVIDIA,H200-SXM-141GBx8_TRT_MaxQ,stable-diffusion-xl,13.202,,True,https://raw.githubusercontent.com/mlcommons/inference_results_v4.1/main/closed/NVIDIA/results/H200-SXM-141GBx8_TRT_MaxQ/stable-diffusion-xl/Offline/performance/run_1/mlperf_log_summary.txt
v4.1,NVIDIA,H200-SXM-141GBx8_TRT_Triton,llama2-70b-99.9,106.642,31059.3,True,https://raw.githubusercontent.com/mlcommons/inference_results_v4.1/main/closed/NVIDIA/results/H200-SXM-141GBx8_TRT_Triton/llama2-70b-99.9/Offline/performance/run_1/mlperf_log_summary.txt
v4.1,NVIDIA,H200-SXM-141GBx8_TRT_Triton,llama2-70b-99,106.642,31059.3,True,https://raw.githubusercontent.com/mlcommons/inference_results_v4.1/main/closed/NVIDIA/results/H200-SXM-141GBx8_TRT_Triton/llama2-70b-99/Offline/performance/run_1/mlperf_log_summary.txt
v4.1,NVIDIA,Orin_TRT,gptj-99,0.934398,,True,https://raw.githubusercontent.com/mlcommons/inference_results_v4.1/main/closed/NVIDIA/results/Orin_TRT/gptj-99/Offline/performance/run_1/mlperf_log_summary.txt
v4.1,NVIDIA,Orin_TRT,stable-diffusion-xl,0.101697,,True,https://raw.githubusercontent.com/mlcommons/inference_results_v4.1/main/closed/NVIDIA/results/Orin_TRT/stable-diffusion-xl/Offline/performance/run_1/mlperf_log_summary.txt
v4.0,Google,H100-SXM-80GBx8_TRT,3d-unet-99.9,51.1788,,True,https://raw.githubusercontent.com/mlcommons/inference_results_v4.0/main/closed/Google/results/H100-SXM-80GBx8_TRT/3d-unet-99.9/Offline/performance/run_1/mlperf_log_summary.txt
v4.0,Google,H100-SXM-80GBx8_TRT,3d-unet-99,51.2937,,True,https://raw.githubusercontent.com/mlcommons/inference_results_v4.0/main/closed/Google/results/H100-SXM-80GBx8_TRT/3d-unet-99/Offline/performance/run_1/mlperf_log_summary.txt
v4.0,Google,H100-SXM-80GBx8_TRT,bert-99.9,61292.5,,True,https://raw.githubusercontent.com/mlcommons/inference_results_v4.0/main/closed/Google/results/H100-SXM-80GBx8_TRT/bert-99.9/Offline/performance/run_1/mlperf_log_summary.txt
v4.0,Google,H100-SXM-80GBx8_TRT,bert-99,69671.7,,True,https://raw.githubusercontent.com/mlcommons/inference_results_v4.0/main/closed/Google/results/H100-SXM-80GBx8_TRT/bert-99/Offline/performance/run_1/mlperf_log_summary.txt
v4.0,Google,H100-SXM-80GBx8_TRT,dlrm-v2-99.9,341111.0,,True,https://raw.githubusercontent.com/mlcommons/inference_results_v4.0/main/closed/Google/results/H100-SXM-80GBx8_TRT/dlrm-v2-99.9/Offline/performance/run_1/mlperf_log_summary.txt
v4.0,Google,H100-SXM-80GBx8_TRT,gptj-99.9,235.733,,True,https://raw.githubusercontent.com/mlcommons/inference_results_v4.0/main/closed/Google/results/H100-SXM-80GBx8_TRT/gptj-99.9/Offline/performance/run_1/mlperf_log_summary.txt
v4.0,Google,H100-SXM-80GBx8_TRT,gptj-99,235.733,,True,https://raw.githubusercontent.com/mlcommons/inference_results_v4.0/main/closed/Google/results/H100-SXM-80GBx8_TRT/gptj-99/Offline/performance/run_1/mlperf_log_summary.txt
v4.0,Google,H100-SXM-80GBx8_TRT,llama2-70b-99.9,71.9176,20992.0,True,https://raw.githubusercontent.com/mlcommons/inference_results_v4.0/main/closed/Google/results/H100-SXM-80GBx8_TRT/llama2-70b-99.9/Offline/performance/run_1/mlperf_log_summary.txt
v4.0,Google,H100-SXM-80GBx8_TRT,retinanet,14031.2,,True,https://raw.githubusercontent.com/mlcommons/inference_results_v4.0/main/closed/Google/results/H100-SXM-80GBx8_TRT/retinanet/Offline/performance/run_1/mlperf_log_summary.txt
v4.0,Google,H100-SXM-80GBx8_TRT,stable-diffusion-xl,12.9149,,True,https://raw.githubusercontent.com/mlcommons/inference_results_v4.0/main/closed/Google/results/H100-SXM-80GBx8_TRT/stable-diffusion-xl/Offline/performance/run_1/mlperf_log_summary.txt
v4.0,Intel-HabanaLabs,HLS-Gaudi2-PT,llama2-70b-99.9,27.5567,8034.85,True,https://raw.githubusercontent.com/mlcommons/inference_results_v4.0/main/closed/Intel-HabanaLabs/results/HLS-Gaudi2-PT/llama2-70b-99.9/Offline/performance/run_1/mlperf_log_summary.txt
v4.0,Intel-HabanaLabs,HLS-Gaudi2-PT,stable-diffusion-xl,6.25699,,True,https://raw.githubusercontent.com/mlcommons/inference_results_v4.0/main/closed/Intel-HabanaLabs/results/HLS-Gaudi2-PT/stable-diffusion-xl/Offline/performance/run_1/mlperf_log_summary.txt
v4.0,Intel,1-node-2S-EMR-ITREX,gptj-99,3.61232,,True,https://raw.githubusercontent.com/mlcommons/inference_results_v4.0/main/closed/Intel/results/1-node-2S-EMR-ITREX/gptj-99/Offline/performance/run_1/mlperf_log_summary.txt
v4.0,Intel,1-node-2S-EMR-PyTorch-BF16,stable-diffusion-xl,0.193679,,True,https://raw.githubusercontent.com/mlcommons/inference_results_v4.0/main/closed/Intel/results/1-node-2S-EMR-PyTorch-BF16/stable-diffusion-xl/Offline/performance/run_1/mlperf_log_summary.txt
v4.0,Intel,1-node-2S-EMR-PyTorch,3d-unet-99.9,2.02065,,True,https://raw.githubusercontent.com/mlcommons/inference_results_v4.0/main/closed/Intel/results/1-node-2S-EMR-PyTorch/3d-unet-99.9/Offline/performance/run_1/mlperf_log_summary.txt
v4.0,Intel,1-node-2S-EMR-PyTorch,bert-99,1668.5,,True,https://raw.githubusercontent.com/mlcommons/inference_results_v4.0/main/closed/Intel/results/1-node-2S-EMR-PyTorch/bert-99/Offline/performance/run_1/mlperf_log_summary.txt
v4.0,Intel,1-node-2S-EMR-PyTorch,dlrm-v2-99.9,9111.08,,True,https://raw.githubusercontent.com/mlcommons/inference_results_v4.0/main/closed/Intel/results/1-node-2S-EMR-PyTorch/dlrm-v2-99.9/Offline/performance/run_1/mlperf_log_summary.txt
v4.0,Intel,1-node-2S-EMR-PyTorch,resnet50,25289.6,,True,https://raw.githubusercontent.com/mlcommons/inference_results_v4.0/main/closed/Intel/results/1-node-2S-EMR-PyTorch/resnet50/Offline/performance/run_1/mlperf_log_summary.txt
v4.0,Intel,1-node-2S-EMR-PyTorch,retinanet,371.081,,True,https://raw.githubusercontent.com/mlcommons/inference_results_v4.0/main/closed/Intel/results/1-node-2S-EMR-PyTorch/retinanet/Offline/performance/run_1/mlperf_log_summary.txt
v4.0,Intel,1-node-2S-EMR-PyTorch,rnnt,8679.48,,True,https://raw.githubusercontent.com/mlcommons/inference_results_v4.0/main/closed/Intel/results/1-node-2S-EMR-PyTorch/rnnt/Offline/performance/run_1/mlperf_log_summary.txt
v4.0,NVIDIA,DGX-H100_H100-SXM-80GBx1_TRT,3d-unet-99.9,6.44124,,True,https://raw.githubusercontent.com/mlcommons/inference_results_v4.0/main/closed/NVIDIA/results/DGX-H100_H100-SXM-80GBx1_TRT/3d-unet-99.9/Offline/performance/run_1/mlperf_log_summary.txt
v4.0,NVIDIA,DGX-H100_H100-SXM-80GBx1_TRT,3d-unet-99,6.44124,,True,https://raw.githubusercontent.com/mlcommons/inference_results_v4.0/main/closed/NVIDIA/results/DGX-H100_H100-SXM-80GBx1_TRT/3d-unet-99/Offline/performance/run_1/mlperf_log_summary.txt
v4.0,NVIDIA,DGX-H100_H100-SXM-80GBx1_TRT,bert-99.9,7939.77,,True,https://raw.githubusercontent.com/mlcommons/inference_results_v4.0/main/closed/NVIDIA/results/DGX-H100_H100-SXM-80GBx1_TRT/bert-99.9/Offline/performance/run_1/mlperf_log_summary.txt
v4.0,NVIDIA,DGX-H100_H100-SXM-80GBx1_TRT,bert-99,9081.51,,True,https://raw.githubusercontent.com/mlcommons/inference_results_v4.0/main/closed/NVIDIA/results/DGX-H100_H100-SXM-80GBx1_TRT/bert-99/Offline/performance/run_1/mlperf_log_summary.txt
v4.0,NVIDIA,DGX-H100_H100-SXM-80GBx1_TRT,dlrm-v2-99.9,44022.7,,True,https://raw.githubusercontent.com/mlcommons/inference_results_v4.0/main/closed/NVIDIA/results/DGX-H100_H100-SXM-80GBx1_TRT/dlrm-v2-99.9/Offline/performance/run_1/mlperf_log_summary.txt
v4.0,NVIDIA,DGX-H100_H100-SXM-80GBx1_TRT,dlrm-v2-99,70346.2,,True,https://raw.githubusercontent.com/mlcommons/inference_results_v4.0/main/closed/NVIDIA/results/DGX-H100_H100-SXM-80GBx1_TRT/dlrm-v2-99/Offline/performance/run_1/mlperf_log_summary.txt
v4.0,NVIDIA,DGX-H100_H100-SXM-80GBx1_TRT,gptj-99.9,31.0737,,True,https://raw.githubusercontent.com/mlcommons/inference_results_v4.0/main/closed/NVIDIA/results/DGX-H100_H100-SXM-80GBx1_TRT/gptj-99.9/Offline/performance/run_1/mlperf_log_summary.txt
v4.0,NVIDIA,DGX-H100_H100-SXM-80GBx1_TRT,gptj-99,31.0737,,True,https://raw.githubusercontent.com/mlcommons/inference_results_v4.0/main/closed/NVIDIA/results/DGX-H100_H100-SXM-80GBx1_TRT/gptj-99/Offline/performance/run_1/mlperf_log_summary.txt
v4.0,NVIDIA,DGX-H100_H100-SXM-80GBx1_TRT,resnet50,88714.3,,True,https://raw.githubusercontent.com/mlcommons/inference_results_v4.0/main/closed/NVIDIA/results/DGX-H100_H100-SXM-80GBx1_TRT/resnet50/Offline/performance/run_1/mlperf_log_summary.txt
v4.0,NVIDIA,DGX-H100_H100-SXM-80GBx1_TRT,retinanet,1728.33,,True,https://raw.githubusercontent.com/mlcommons/inference_results_v4.0/main/closed/NVIDIA/results/DGX-H100_H100-SXM-80GBx1_TRT/retinanet/Offline/performance/run_1/mlperf_log_summary.txt
v4.0,NVIDIA,DGX-H100_H100-SXM-80GBx1_TRT,rnnt,23444.5,,True,https://raw.githubusercontent.com/mlcommons/inference_results_v4.0/main/closed/NVIDIA/results/DGX-H100_H100-SXM-80GBx1_TRT/rnnt/Offline/performance/run_1/mlperf_log_summary.txt
v4.0,NVIDIA,DGX-H100_H100-SXM-80GBx1_TRT,stable-diffusion-xl,1.64178,,True,https://raw.githubusercontent.com/mlcommons/inference_results_v4.0/main/closed/NVIDIA/results/DGX-H100_H100-SXM-80GBx1_TRT/stable-diffusion-xl/Offline/performance/run_1/mlperf_log_summary.txt
v4.0,NVIDIA,DGX-H100_H100-SXM-80GBx2_TRT,llama2-70b-99.9,18.9752,5539.47,True,https://raw.githubusercontent.com/mlcommons/inference_results_v4.0/main/closed/NVIDIA/results/DGX-H100_H100-SXM-80GBx2_TRT/llama2-70b-99.9/Offline/performance/run_1/mlperf_log_summary.txt
v4.0,NVIDIA,DGX-H100_H100-SXM-80GBx8_TRT,3d-unet-99.9,51.5205,,True,https://raw.githubusercontent.com/mlcommons/inference_results_v4.0/main/closed/NVIDIA/results/DGX-H100_H100-SXM-80GBx8_TRT/3d-unet-99.9/Offline/performance/run_1/mlperf_log_summary.txt
v4.0,NVIDIA,DGX-H100_H100-SXM-80GBx8_TRT,3d-unet-99,51.5205,,True,https://raw.githubusercontent.com/mlcommons/inference_results_v4.0/main/closed/NVIDIA/results/DGX-H100_H100-SXM-80GBx8_TRT/3d-unet-99/Offline/performance/run_1/mlperf_log_summary.txt
v4.0,NVIDIA,DGX-H100_H100-SXM-80GBx8_TRT,bert-99.9,62182.5,,True,https://raw.githubusercontent.com/mlcommons/inference_results_v4.0/main/closed/NVIDIA/results/DGX-H100_H100-SXM-80GBx8_TRT/bert-99.9/Offline/performance/run_1/mlperf_log_summary.txt
v4.0,NVIDIA,DGX-H100_H100-SXM-80GBx8_TRT,bert-99,70116.2,,True,https://raw.githubusercontent.com/mlcommons/inference_results_v4.0/main/closed/NVIDIA/results/DGX-H100_H100-SXM-80GBx8_TRT/bert-99/Offline/performance/run_1/mlperf_log_summary.txt
v4.0,NVIDIA,DGX-H100_H100-SXM-80GBx8_TRT,dlrm-v2-99.9,354151.0,,True,https://raw.githubusercontent.com/mlcommons/inference_results_v4.0/main/closed/NVIDIA/results/DGX-H100_H100-SXM-80GBx8_TRT/dlrm-v2-99.9/Offline/performance/run_1/mlperf_log_summary.txt
v4.0,NVIDIA,DGX-H100_H100-SXM-80GBx8_TRT,dlrm-v2-99,568422.0,,True,https://raw.githubusercontent.com/mlcommons/inference_results_v4.0/main/closed/NVIDIA/results/DGX-H100_H100-SXM-80GBx8_TRT/dlrm-v2-99/Offline/performance/run_1/mlperf_log_summary.txt
v4.0,NVIDIA,DGX-H100_H100-SXM-80GBx8_TRT,gptj-99.9,239.895,,True,https://raw.githubusercontent.com/mlcommons/inference_results_v4.0/main/closed/NVIDIA/results/DGX-H100_H100-SXM-80GBx8_TRT/gptj-99.9/Offline/performance/run_1/mlperf_log_summary.txt
v4.0,NVIDIA,DGX-H100_H100-SXM-80GBx8_TRT,gptj-99,239.895,,True,https://raw.githubusercontent.com/mlcommons/inference_results_v4.0/main/closed/NVIDIA/results/DGX-H100_H100-SXM-80GBx8_TRT/gptj-99/Offline/performance/run_1/mlperf_log_summary.txt
v4.0,NVIDIA,DGX-H100_H100-SXM-80GBx8_TRT,llama2-70b-99.9,74.699,21805.8,True,https://raw.githubusercontent.com/mlcommons/inference_results_v4.0/main/closed/NVIDIA/results/DGX-H100_H100-SXM-80GBx8_TRT/llama2-70b-99.9/Offline/performance/run_1/mlperf_log_summary.txt
v4.0,NVIDIA,DGX-H100_H100-SXM-80GBx8_TRT,resnet50,703770.0,,True,https://raw.githubusercontent.com/mlcommons/inference_results_v4.0/main/closed/NVIDIA/results/DGX-H100_H100-SXM-80GBx8_TRT/resnet50/Offline/performance/run_1/mlperf_log_summary.txt
v4.0,NVIDIA,DGX-H100_H100-SXM-80GBx8_TRT,retinanet,14194.4,,True,https://raw.githubusercontent.com/mlcommons/inference_results_v4.0/main/closed/NVIDIA/results/DGX-H100_H100-SXM-80GBx8_TRT/retinanet/Offline/performance/run_1/mlperf_log_summary.txt
v4.0,NVIDIA,DGX-H100_H100-SXM-80GBx8_TRT,rnnt,170595.0,,True,https://raw.githubusercontent.com/mlcommons/inference_results_v4.0/main/closed/NVIDIA/results/DGX-H100_H100-SXM-80GBx8_TRT/rnnt/Offline/performance/run_1/mlperf_log_summary.txt
v4.0,NVIDIA,DGX-H100_H100-SXM-80GBx8_TRT,stable-diffusion-xl,13.1263,,True,https://raw.githubusercontent.com/mlcommons/inference_results_v4.0/main/closed/NVIDIA/results/DGX-H100_H100-SXM-80GBx8_TRT/stable-diffusion-xl/Offline/performance/run_1/mlperf_log_summary.txt
v4.0,NVIDIA,DGX-H100_H100-SXM-80GBx8_TRT_MaxQ,3d-unet-99.9,38.2089,,True,https://raw.githubusercontent.com/mlcommons/inference_results_v4.0/main/closed/NVIDIA/results/DGX-H100_H100-SXM-80GBx8_TRT_MaxQ/3d-unet-99.9/Offline/performance/run_1/mlperf_log_summary.txt
v4.0,NVIDIA,DGX-H100_H100-SXM-80GBx8_TRT_MaxQ,3d-unet-99,38.2089,,True,https://raw.githubusercontent.com/mlcommons/inference_results_v4.0/main/closed/NVIDIA/results/DGX-H100_H100-SXM-80GBx8_TRT_MaxQ/3d-unet-99/Offline/performance/run_1/mlperf_log_summary.txt
v4.0,NVIDIA,DGX-H100_H100-SXM-80GBx8_TRT_MaxQ,bert-99.9,50998.9,,True,https://raw.githubusercontent.com/mlcommons/inference_results_v4.0/main/closed/NVIDIA/results/DGX-H100_H100-SXM-80GBx8_TRT_MaxQ/bert-99.9/Offline/performance/run_1/mlperf_log_summary.txt
v4.0,NVIDIA,DGX-H100_H100-SXM-80GBx8_TRT_MaxQ,bert-99,53726.9,,True,https://raw.githubusercontent.com/mlcommons/inference_results_v4.0/main/closed/NVIDIA/results/DGX-H100_H100-SXM-80GBx8_TRT_MaxQ/bert-99/Offline/performance/run_1/mlperf_log_summary.txt
v4.0,NVIDIA,DGX-H100_H100-SXM-80GBx8_TRT_MaxQ,dlrm-v2-99.9,283714.0,,True,https://raw.githubusercontent.com/mlcommons/inference_results_v4.0/main/closed/NVIDIA/results/DGX-H100_H100-SXM-80GBx8_TRT_MaxQ/dlrm-v2-99.9/Offline/performance/run_1/mlperf_log_summary.txt
v4.0,NVIDIA,DGX-H100_H100-SXM-80GBx8_TRT_MaxQ,dlrm-v2-99,458408.0,,True,https://raw.githubusercontent.com/mlcommons/inference_results_v4.0/main/closed/NVIDIA/results/DGX-H100_H100-SXM-80GBx8_TRT_MaxQ/dlrm-v2-99/Offline/performance/run_1/mlperf_log_summary.txt
v4.0,NVIDIA,DGX-H100_H100-SXM-80GBx8_TRT_MaxQ,gptj-99.9,178.896,,True,https://raw.githubusercontent.com/mlcommons/inference_results_v4.0/main/closed/NVIDIA/results/DGX-H100_H100-SXM-80GBx8_TRT_MaxQ/gptj-99.9/Offline/performance/run_1/mlperf_log_summary.txt
v4.0,NVIDIA,DGX-H100_H100-SXM-80GBx8_TRT_MaxQ,gptj-99,178.896,,True,https://raw.githubusercontent.com/mlcommons/inference_results_v4.0/main/closed/NVIDIA/results/DGX-H100_H100-SXM-80GBx8_TRT_MaxQ/gptj-99/Offline/performance/run_1/mlperf_log_summary.txt
v4.0,NVIDIA,DGX-H100_H100-SXM-80GBx8_TRT_MaxQ,llama2-70b-99.9,60.2129,17561.6,True,https://raw.githubusercontent.com/mlcommons/inference_results_v4.0/main/closed/NVIDIA/results/DGX-H100_H100-SXM-80GBx8_TRT_MaxQ/llama2-70b-99.9/Offline/performance/run_1/mlperf_log_summary.txt
v4.0,NVIDIA,DGX-H100_H100-SXM-80GBx8_TRT_MaxQ,resnet50,473737.0,,True,https://raw.githubusercontent.com/mlcommons/inference_results_v4.0/main/closed/NVIDIA/results/DGX-H100_H100-SXM-80GBx8_TRT_MaxQ/resnet50/Offline/performance/run_1/mlperf_log_summary.txt
v4.0,NVIDIA,DGX-H100_H100-SXM-80GBx8_TRT_MaxQ,retinanet,10105.9,,True,https://raw.githubusercontent.com/mlcommons/inference_results_v4.0/main/closed/NVIDIA/results/DGX-H100_H100-SXM-80GBx8_TRT_MaxQ/retinanet/Offline/performance/run_1/mlperf_log_summary.txt
v4.0,NVIDIA,DGX-H100_H100-SXM-80GBx8_TRT_MaxQ,rnnt,139938.0,,True,https://raw.githubusercontent.com/mlcommons/inference_results_v4.0/main/closed/NVIDIA/results/DGX-H100_H100-SXM-80GBx8_TRT_MaxQ/rnnt/Offline/performance/run_1/mlperf_log_summary.txt
v4.0,NVIDIA,DGX-H100_H100-SXM-80GBx8_TRT_MaxQ,stable-diffusion-xl,9.64827,,True,https://raw.githubusercontent.com/mlcommons/inference_results_v4.0/main/closed/NVIDIA/results/DGX-H100_H100-SXM-80GBx8_TRT_MaxQ/stable-diffusion-xl/Offline/performance/run_1/mlperf_log_summary.txt
