audit_id,family,erratum_id,source_doc,title,rule_label,matched_on,class_size,audit_label,audit_note,arithmetic_datapath
A001,Alder Lake,ADL092,Intel 682436 rev 040,Execution of IRET in Compatibility Mode May Free Supervisor Shadow Stack Token,Security and isolation features,title,73,Security and isolation features,CET shadow-stack token handling,no
A002,Coffee Lake,CFL072,Intel 337346 rev 008,Camera Device Does Not Issue an MSI When INTx is Enabled,"Graphics, display, and on-die accelerators",title,89,"Graphics, display, and on-die accelerators",on-die camera device interrupt signaling,no
A003,Zen 4 (Genoa),1305,AMD 57095 rev 1.05,AHCI Controller Ignores COMINIT During HP6: HR_AwaitAlign State,I/O and peripheral interfaces,title,228,I/O and peripheral interfaces,AHCI SATA controller,no
A004,Sapphire Rapids,SPR54,Intel 772415 rev 022US,No #GP Will be Signaled When Setting MSR_MISC_PWR_MGMT.ENABLE_SDC if MSR_MISC_PWR_MGMT.LOCK is Set,"Caches, TLBs, and load-store ordering",title,104,Instruction execution and exceptions,MSR lock-bit enforcement (MSR access semantics),no
A005,Arrow Lake,ARL026,Intel 834774 rev 023,Processor May Encrypt TME Exclude Range if Mapped to Remap Range,Security and isolation features,title,73,Security and isolation features,TME exclude range encryption,no
A006,Zen 2 (Rome),1160,AMD 56323 rev 1.03,SdpParity and XiVictimQueue Mask Bits Incorrectly Mask Additional Errors,Machine check and error reporting,description,247,Machine check and error reporting,MCA mask bits,no
A007,Raptor Lake,RPL061,Intel 740518 rev 031,PCONFIG Error Reporting May be Incorrect,Machine check and error reporting,title,247,Instruction execution and exceptions,PCONFIG fault semantics; could be read as memory-encryption feature,no
A008,Cascade Lake,CLX75,Intel 338848 rev 028US,Branch Predictor May Produce Incorrect Instruction Pointer,Instruction execution and exceptions,title,177,Instruction execution and exceptions,branch predictor,no
A009,Skylake-SP,SKX70,Intel 336065 rev 017US,VM Entry That Clears TraceEn May Generate a FUP,Virtualization and IOMMU,title,170,"Debug, performance monitoring, and trace",Intel PT packet on VM entry,no
A010,Skylake-SP,SKX91,Intel 336065 rev 017US,Performance in an 8sg System May Be Lower Than Expected,Coherence and on-die or socket fabric,description,47,Coherence and on-die or socket fabric,snoop-response congestion in 8-socket systems,no
A011,Zen 1 (Naples),1053,AMD 55449 rev 1.21,"When SMAP is Enabled and EFLAGS.AC is Set, the Processor Will Fail to Page Fault on an Implicit Supervisor Access to a User Page",Security and isolation features,title,73,Security and isolation features,SMAP enforcement,no
A012,Emerald Rapids,EMR14,Intel 793902 rev 023US,Occupancy Interrupt Handle is Not Checked Against Interrupt Table Size,"Interrupts, timers, reset, and system management",title,96,"Graphics, display, and on-die accelerators",IAA accelerator interrupt handle,no
A013,Emerald Rapids,EMR144,Intel 793902 rev 023US,Write to UNCORE_RATIO_LIMIT May Not Take Effect,"Power, clocking, and thermal management",description,117,"Power, clocking, and thermal management",uncore ratio limit,no
A014,Lunar Lake,LNL042,Intel 827538 rev 022,Unpredictable System Behavior May Occur When C6 or Deeper Sleep States Are Used,"Power, clocking, and thermal management",title,117,"Power, clocking, and thermal management",core C6 entry flow,no
A015,Emerald Rapids,EMR159,Intel 793902 rev 023US,Incorrect Guest RFLAGS.RF on VM Entry,Virtualization and IOMMU,title,170,Virtualization and IOMMU,guest RFLAGS on VM entry,no
A016,Zen 1 (Naples),1081,AMD 55449 rev 1.21,Programming MSRC001_0015 [Hardware Configuration] (HWCR)[CpbDis] Does Not Affect All Threads In The Socket,Coherence and on-die or socket fabric,title,47,"Power, clocking, and thermal management",core performance boost control,no
A017,Rocket Lake,RKL021,Intel 634808 rev 012,System May Hang When Booting in Single Core Configuration,"Interrupts, timers, reset, and system management",description,96,"Interrupts, timers, reset, and system management",boot flow in single-core mode,no
A018,Skylake-SP,SKX76,Intel 336065 rev 017US,System May Hang Due to Lock Prefixes on Instructions That Access IIO's MMCFG,"Caches, TLBs, and load-store ordering",title,104,I/O and peripheral interfaces,IIO MMCFG access with locked instruction,no
A019,Cascade Lake,CLX66,Intel 338848 rev 028US,Executing Some Instructions May Cause Unpredictable Behavior,Instruction execution and exceptions,title,177,Instruction execution and exceptions,x87/AVX/divide execution,yes
A020,Rocket Lake,RKL010,Intel 634808 rev 012,Incorrect ECC Reporting Following Entry to PKG-C7,Memory controller and DRAM,title,72,Machine check and error reporting,ECC error-address log in memory controller; could be MEM,no
A021,Zen 1 (Naples),1155,AMD 55449 rev 1.21,DMA or Peer-to-peer Accesses Using Guest Physical Addresses (GPAs) May Cause IOMMU Target Abort,Virtualization and IOMMU,title,170,Virtualization and IOMMU,IOMMU pass-through GPA handling,no
A022,Rocket Lake,RKL025,Intel 634808 rev 012,Processor May Exceed Thermal Limits,"Power, clocking, and thermal management",title,117,"Power, clocking, and thermal management",thermal throttling,no
A023,Arrow Lake,ARL031,Intel 834774 rev 023,Unexpected System Behavior Following S0ix/S4/Warm Reset,"Power, clocking, and thermal management",title,117,"Power, clocking, and thermal management",power-state exit latency,no
A024,Arrow Lake,ARL021,Intel 834774 rev 023,Precision Time Measurement (PTM) Interpretation Capability Bit Incorrect Register Offset,I/O and peripheral interfaces,title,228,I/O and peripheral interfaces,PCIe PTM capability offset,no
A025,Skylake-SP,SKX60,Intel 336065 rev 017US,Incorrect FROM_IP Value For an RTM Abort in BTM or BTS May be Observed,"Debug, performance monitoring, and trace",title,339,"Debug, performance monitoring, and trace",BTS/BTM record,no
A026,Skylake-SP,SKX98,Intel 336065 rev 017US,IMC Patrol Scrubbing Engine May Hang,Memory controller and DRAM,title,72,Memory controller and DRAM,patrol scrub engine,no
A027,Cascade Lake,CLX18,Intel 338848 rev 028US,Memory May Continue to Throttle after MEMHOT# De-assertion,Memory controller and DRAM,title,72,Memory controller and DRAM,memory throttling on MEMHOT#,no
A028,Emerald Rapids,EMR116,Intel 793902 rev 023US,Performance Monitoring Events used by TMA May be Inaccurate,"Debug, performance monitoring, and trace",title,339,"Debug, performance monitoring, and trace",performance monitoring events,no
A029,Broadwell-EP,BDF67,Intel 333811 rev 008US,Cores May be Unable to Reach Maximum Turbo Frequency,"Power, clocking, and thermal management",title,117,"Power, clocking, and thermal management",turbo frequency,no
A030,Arrow Lake,ARL013,Intel 834774 rev 023,Unsynchronized Cross-Modifying Code Operations Can Cause Unexpected Instruction Execution Results,"Caches, TLBs, and load-store ordering",title,104,Instruction execution and exceptions,cross-modifying code,no
A031,Sapphire Rapids,SPR155,Intel 772415 rev 022US,A Processor May Run at a Fixed Mesh Frequency,Coherence and on-die or socket fabric,title,47,"Power, clocking, and thermal management",mesh frequency scaling,no
A032,Ice Lake-SP,ICX1,Intel 637780 rev 026US,Memory Errors in a VLS Region on a Certain Device May Not be Properly Corrected,Memory controller and DRAM,description,72,Memory controller and DRAM,ADDDC in virtual lockstep,no
A033,Meteor Lake,MTL058,Intel 792254 rev 024,Display Artifacts With YUV420 Format,"Graphics, display, and on-die accelerators",title,89,"Graphics, display, and on-die accelerators",display,no
A034,Rocket Lake,RKL002,Intel 634808 rev 012,REP MOVSB Instruction To or From a Non-flat Segment May Cause Unpredictable System Behavior,"Caches, TLBs, and load-store ordering",title,104,"Caches, TLBs, and load-store ordering",REP MOVSB string operation,no
A035,Zen 4 (Genoa),1453,AMD 57095 rev 1.05,Upper Address Ignore Fails to Recognize Segment-Override Prefixes,Security and isolation features,title,73,Security and isolation features,upper address ignore (address masking),no
A036,Zen 1 (Naples),1038,AMD 55449 rev 1.21,xHCI Controller May Incorrectly Drop USB 3.0 ISOC Audio Packets,"Graphics, display, and on-die accelerators",title,89,I/O and peripheral interfaces,xHCI USB,no
A037,Emerald Rapids,EMR2,Intel 793902 rev 023US,Poison Data Reported Instead of a CS Limit Violation,Machine check and error reporting,title,247,Machine check and error reporting,poison MCE priority,no
A038,Coffee Lake,CFL086,Intel 337346 rev 008,Two DIMMs Per Channel 2133MHz DDR4 SoDIMM Daisy-Chain Systems With Different Vendors May Hang,Memory controller and DRAM,title,72,Memory controller and DRAM,DDR4 SODIMM configuration,no
A039,Zen 1 (Naples),1108,AMD 55449 rev 1.21,MCA Error May Incorrectly Report Overflow Condition,Machine check and error reporting,title,247,Machine check and error reporting,MCA overflow bit,no
A040,Sapphire Rapids,SPR95,Intel 772415 rev 022US,WRMSR to Reserved Bits of IA32_L3_QOS_Mask_15 Will Not signal a #GP,"Caches, TLBs, and load-store ordering",title,104,Instruction execution and exceptions,MSR reserved-bit #GP,no
A041,Zen 2 (Rome),1596,AMD 56323 rev 1.03,eSPI (Enhanced Serial Peripheral Interface) Controller May Drop Earlier of Two Back-to-Back Upstream Messages,I/O and peripheral interfaces,title,228,I/O and peripheral interfaces,eSPI,no
A042,Broadwell-EP,BDF4,Intel 333811 rev 008US,A Malformed TLP May Block ECRC Error Logging,Machine check and error reporting,title,247,Machine check and error reporting,PCIe ECRC/AER error reporting,no
A043,Emerald Rapids,EMR66,Intel 793902 rev 023US,Intel IAA Expand Operation With PRLE Format Input May Return an Error,"Graphics, display, and on-die accelerators",title,89,"Graphics, display, and on-die accelerators",IAA accelerator,no
A044,Arrow Lake,ARL051,Intel 834774 rev 023,Processor Hang When Reading Core P0 Ratio,Unclassified,none,15,"Power, clocking, and thermal management",core ratio read,no
A045,Arrow Lake,ARL025,Intel 834774 rev 023,Non Canonical Fault May be Signaled on Access That Wraps Address Space When LAM is Enabled,Security and isolation features,title,73,Security and isolation features,LAM canonical check,no
A046,Coffee Lake,CFL076,Intel 337346 rev 008,RING_PERF_LIMIT_REASONS May be Incorrect,Coherence and on-die or socket fabric,title,47,"Power, clocking, and thermal management",perf-limit-reasons status,no
A047,Sapphire Rapids,SPR159,Intel 772415 rev 022US,Performance Monitoring Event MEMORY_ACTIVITY.STALLS_L2_MISS May Undercount,"Debug, performance monitoring, and trace",title,339,"Debug, performance monitoring, and trace",performance monitoring event,no
A048,Sapphire Rapids,SPR43,Intel 772415 rev 022US,Memory Controller Violates JEDEC RCD tCSALT Timing,Memory controller and DRAM,title,72,Memory controller and DRAM,memory controller JEDEC timing,no
A049,Coffee Lake,CFL098,Intel 337346 rev 008,Writing Non-Zero Values to Read Only Fields in IA32_THERM_STATUS MSR May #GP,"Power, clocking, and thermal management",title,117,Instruction execution and exceptions,MSR read-only field #GP,no
A050,Lunar Lake,LNL007,Intel 827538 rev 022,Type-C Display May be Blank Following S3/S4/S5 Resume,"Graphics, display, and on-die accelerators",title,89,I/O and peripheral interfaces,Type-C alt-mode switching; could be GFX,no
A051,Tiger Lake,TGL006,Intel 631123 rev 034,Intel PT TIP or FUP Packets May be Dropped Without OVF Packet,"Debug, performance monitoring, and trace",title,339,"Debug, performance monitoring, and trace",Intel PT overflow packet,no
A052,Skylake-SP,SKX8,Intel 336065 rev 017US,CAT/CDP Might Not Restrict Cacheline Allocation Under Certain Conditions (Intel Xeon Processor Scalable Family),"Caches, TLBs, and load-store ordering",title,104,"Caches, TLBs, and load-store ordering",CAT/CDP allocation,no
A053,Broadwell-EP,BDF2,Intel 333811 rev 008US,PCI BARs in the Home Agent Will Return Non-Zero Values During Enumeration,Coherence and on-die or socket fabric,title,47,Coherence and on-die or socket fabric,home agent PCI BARs,no
A054,Skylake-SP,SKX105,Intel 336065 rev 017US,"Intel UPI, DMI and PCIe Interfaces May See Elevated Bit Error Rates",Coherence and on-die or socket fabric,title,47,I/O and peripheral interfaces,UPI/DMI/PCIe link bit error rate; UPI part is COH,no
A055,Cascade Lake,CLX28,Intel 338848 rev 028US,IMC Patrol Scrubbing Engine May Hang,Memory controller and DRAM,title,72,Memory controller and DRAM,patrol scrub engine,no
A056,Broadwell-EP,BDF73,Intel 333811 rev 008US,Internal Parity Errors May Incorrectly Report Overflow in the IA32_MC0_STATUS MSR,Machine check and error reporting,title,247,Machine check and error reporting,MC0_STATUS overflow,no
A057,Emerald Rapids,EMR130,Intel 793902 rev 023US,Intel DSA Memory Write with Incorrect Parity May Result in a System Crash,"Graphics, display, and on-die accelerators",title,89,"Graphics, display, and on-die accelerators",DSA poison handling,no
A058,Broadwell-EP,BDF6,Intel 333811 rev 008US,Unexpected Performance Loss When Turbo Disabled,"Power, clocking, and thermal management",title,117,"Power, clocking, and thermal management",ring frequency when turbo disabled,no
A059,Sapphire Rapids,SPR29,Intel 772415 rev 022US,Remapping Hardware with Major Version Number 6 Incorrectly Advertises the ESRTPS Support,Virtualization and IOMMU,title,170,Virtualization and IOMMU,remapping hardware capability bit,no
A060,Lunar Lake,LNL040,Intel 827538 rev 022,Unexpected Processor Throttling When Exceeding DRAM Maximum Temperature Threshold,Memory controller and DRAM,title,72,Memory controller and DRAM,DDR thermal controller throttling; could be PWR,no
A061,Broadwell-EP,BDF54,Intel 333811 rev 008US,Package C3 State or Deeper May Lead to a Reset,"Power, clocking, and thermal management",title,117,"Power, clocking, and thermal management",package C3 entry leads to reset,no
A062,Zen 1 (Naples),1048,AMD 55449 rev 1.21,Three-Source Operand Floating Point Instructions May Block Another Thread on the Same Core,Instruction execution and exceptions,title,177,Instruction execution and exceptions,FMA3 stream starves sibling thread,yes
A063,Alder Lake,ADL066,Intel 682436 rev 040,Performance Monitoring Events TOPDOWN.BACKEND_BOUND_SLOTS and IDQ_BUBBLES May be Inaccurate,"Debug, performance monitoring, and trace",title,339,"Debug, performance monitoring, and trace",performance monitoring events,no
A064,Zen 1 (Naples),1058,AMD 55449 rev 1.21,Executing Code in the Page Adjacent to a Canonical Address Boundary May Cause Unpredictable Results,"Caches, TLBs, and load-store ordering",title,104,Instruction execution and exceptions,code fetch near canonical boundary,no
A065,Emerald Rapids,EMR45,Intel 793902 rev 023US,Intel VT-d DMA Remapping Hardware May Hang if it Encounters Page Request Queue Overflow Condition,Virtualization and IOMMU,title,170,Virtualization and IOMMU,VT-d page request queue,no
A066,Cascade Lake,CLX23,Intel 338848 rev 028US,Setting Performance Monitoring IA32_PERF_GLOBAL_STATUS_SET MSR Bit 63 May Not #GP,"Debug, performance monitoring, and trace",title,339,Instruction execution and exceptions,PMU MSR reserved-bit #GP (MSR access semantics),no
A067,Broadwell-EP,BDF57,Intel 333811 rev 008US,Writing MSR_ERROR_CONTROL May Cause a #GP,Instruction execution and exceptions,title,177,Instruction execution and exceptions,MSR write #GP (MSR access semantics),no
A068,Meteor Lake,MTL026,Intel 792254 rev 024,Processor Power Sharing May Not Perform as Expected,Unclassified,none,15,"Power, clocking, and thermal management",power sharing requests,no
A069,Ice Lake-SP,ICX65,Intel 637780 rev 026US,SNC2 And Hemisphere Mode do Not Work Correctly on Processors With 38 CHAs,Coherence and on-die or socket fabric,title,47,Coherence and on-die or socket fabric,SNC2 and hemisphere mode across CHAs,no
A070,Ice Lake-SP,ICX72,Intel 637780 rev 026US,Unexpected System Behavior May Occur During INVD Instruction Execution,"Caches, TLBs, and load-store ordering",title,104,"Caches, TLBs, and load-store ordering",INVD with in-flight partial line write,no
A071,Broadwell-EP,BDF51,Intel 333811 rev 008US,Processor Core Ratio Changes While in Probe Mode May Result in a Hang,Unclassified,none,15,"Power, clocking, and thermal management",core ratio change in probe mode,no
A072,Emerald Rapids,EMR34,Intel 793902 rev 023US,Intel DSA / Intel IAA Invalid TC Not Reported in The SWERROR Register,"Graphics, display, and on-die accelerators",title,89,"Graphics, display, and on-die accelerators",DSA/IAA completion-record traffic class,no
A073,Broadwell-EP,BDF100,Intel 333811 rev 008US,Using Intel TSX Instructions May Lead to Unpredictable System Behavior,Instruction execution and exceptions,title,177,Instruction execution and exceptions,TSX execution,no
A074,Sapphire Rapids,SPR42,Intel 772415 rev 022US,Intel IAA May Fail to Properly Decode Data With a Large Header,"Graphics, display, and on-die accelerators",title,89,"Graphics, display, and on-die accelerators",IAA decompression,no
A075,Emerald Rapids,EMR19,Intel 793902 rev 023US,APCTL.APNGE Should be RW Instead of RWS,Unclassified,none,15,I/O and peripheral interfaces,PCIe APCTL register attribute,no
A076,Broadwell-EP,BDF9,Intel 333811 rev 008US,The System May Shut Down Unexpectedly During a Warm Reset,"Interrupts, timers, reset, and system management",title,96,"Interrupts, timers, reset, and system management",warm reset,no
A077,Ice Lake (client),ICL044,Intel 341079 rev 023,The Processor May Assert THRMTRIP#,"Power, clocking, and thermal management",description,117,"Power, clocking, and thermal management",THRMTRIP# on package C-state exit,no
A078,Sapphire Rapids,SPR19,Intel 772415 rev 022US,APCTL.APNGE Should be RW Instead of RWS,Unclassified,none,15,I/O and peripheral interfaces,PCIe APCTL register attribute,no
A079,Meteor Lake,MTL018,Intel 792254 rev 024,Performance Monitoring Events TOPDOWN.BACKEND_BOUND_SLOTS and IDQ_BUBBLES May be Inaccurate,"Debug, performance monitoring, and trace",title,339,"Debug, performance monitoring, and trace",performance monitoring events,no
A080,Emerald Rapids,EMR16,Intel 793902 rev 023US,Intel DSA CMDSTATUS Register May Not Reflect Correct Hardware Status,"Graphics, display, and on-die accelerators",title,89,"Graphics, display, and on-die accelerators",DSA status register,no
A081,Zen 4 (Genoa),1465,AMD 57095 rev 1.05,SEV-SNP (Secure Encrypted Virtualization - Secure Nested Paging) Guests May Cause Core to Hang With Hypervisors That Do Not Intercept HLT Instruction,Security and isolation features,title,73,Security and isolation features,SEV-SNP guest HLT; could be VIRT,no
A082,Emerald Rapids,EMR121,Intel 793902 rev 023US,MSR_UNC_CBO_CONFIG Register May Not Provide Correct Information,Coherence and on-die or socket fabric,title,47,Coherence and on-die or socket fabric,LLC count in uncore config MSR,no
A083,Ice Lake (client),ICL058,Intel 341079 rev 023,Overflow Flag in IA32_MC0_STATUS MSR May be Incorrectly Set,Machine check and error reporting,title,247,Machine check and error reporting,MC0_STATUS overflow,no
A084,Emerald Rapids,EMR80,Intel 793902 rev 023US,The Time-Stamp Counter May Report an Incorrect Value,"Interrupts, timers, reset, and system management",title,96,"Interrupts, timers, reset, and system management",TSC after C6 exit; could be PWR,no
A085,Rocket Lake,RKL020,Intel 634808 rev 012,DMI Link May Hang During Package C State Exits,I/O and peripheral interfaces,title,228,I/O and peripheral interfaces,DMI link on package C-state exit,no
A086,Cascade Lake,CLX55,Intel 338848 rev 028US,Retried PECI PCIConfigLocal Register Accesses May Not Operate Correctly,I/O and peripheral interfaces,title,228,I/O and peripheral interfaces,PECI,no
A087,Raptor Lake,RPL015,Intel 740518 rev 031,Incorrect #CP Error Code on UIRET,Machine check and error reporting,title,247,Security and isolation features,CET #CP error code on UIRET; could be EXEC,no
A088,Sapphire Rapids,SPR41,Intel 772415 rev 022US,System May Hang Due to Full LLRB,Unclassified,none,15,Coherence and on-die or socket fabric,link-level retry buffer (UPI flits),no
A089,Broadwell-EP,BDF31,Intel 333811 rev 008US,IA32_VMX_VMCS_ENUM MSR (48AH) Does Not Properly Report The Highest Index Value Used For VMCS Encoding,Virtualization and IOMMU,title,170,Virtualization and IOMMU,VMCS enumeration MSR,no
A090,Emerald Rapids,EMR62,Intel 793902 rev 023US,VM Exit Qualification May Not be Correctly Set on APIC Access While Serving a User Interrupt,Virtualization and IOMMU,title,170,Virtualization and IOMMU,VM exit qualification,no
A091,Arrow Lake,ARL018,Intel 834774 rev 023,VM Exit Qualification May Not be Correctly Set on APIC Access While Serving a User Interrupt,Virtualization and IOMMU,title,170,Virtualization and IOMMU,VM exit qualification,no
A092,Coffee Lake,CFL131,Intel 337346 rev 008,Processor May Hang at High Temperature with a High-Throughput Graphics Workload,"Graphics, display, and on-die accelerators",title,89,"Power, clocking, and thermal management",ring frequency at high temperature,no
A093,Broadwell-EP,BDF16,Intel 333811 rev 008US,#GP on Segment Selector Descriptor that Straddles Canonical Boundary May Not Provide Correct Exception Error Code,Machine check and error reporting,title,247,Instruction execution and exceptions,#GP error code,no
A094,Ice Lake-SP,ICX54,Intel 637780 rev 026US,FERR Registers Are Not Getting Cleared When CHANERR Register is Being Cleared,Unclassified,none,15,I/O and peripheral interfaces,CBDMA engine error registers,no
A095,Skylake-SP,SKX49,Intel 336065 rev 017US,POPCNT Instruction May Take Longer to Execute Than Expected,Instruction execution and exceptions,title,177,Instruction execution and exceptions,POPCNT latency,yes
A096,Broadwell-EP,BDF62,Intel 333811 rev 008US,Processor Instability May Occur When Using The PECI RdIAMSR Command,I/O and peripheral interfaces,title,228,I/O and peripheral interfaces,PECI RdIAMSR,no
A097,Arrow Lake,ARL069,Intel 834774 rev 023,I3C Interface Minimum Clock Timing Specifications,Memory controller and DRAM,title,72,I/O and peripheral interfaces,I3C/I2C timing,no
A098,Sapphire Rapids,SPR65,Intel 772415 rev 022US,Multiple SGX_Doorbell_Errors on Ubox Response Mismatch,Security and isolation features,title,73,Machine check and error reporting,redundant MCE from SGX doorbell errors,no
A099,Cascade Lake,CLX74,Intel 338848 rev 028US,Accesses to CHA Configuration Space Beyond the CHA Logical Limit May Fail,Coherence and on-die or socket fabric,title,47,Coherence and on-die or socket fabric,CHA configuration space,no
A100,Broadwell-EP,BDF66,Intel 333811 rev 008US,A DDR4 C/A Parity Error in Lockstep Mode May Result in a Spurious Uncorrectable Error,Machine check and error reporting,title,247,Machine check and error reporting,lockstep C/A parity logged as uncorrectable; could be MEM,no
A101,Skylake-SP,SKX5,Intel 336065 rev 017US,Intel Ultra Path Interconnect (Intel UPI) Initialization Aborts Might be Logged (Intel Xeon Processor SP),Machine check and error reporting,title,247,Coherence and on-die or socket fabric,UPI initialization,no
A102,Raptor Lake,RPL052,Intel 740518 rev 031,Performance Monitoring Events TOPDOWN.BACKEND_BOUND_SLOTS and IDQ_BUBBLES May be Inaccurate,"Debug, performance monitoring, and trace",title,339,"Debug, performance monitoring, and trace",performance monitoring events,no
A103,Ice Lake (client),ICL006,Intel 341079 rev 023,Intel Processor Trace PSB + Packets May Contain Unexpected Packets,"Debug, performance monitoring, and trace",title,339,"Debug, performance monitoring, and trace",Intel PT packets,no
A104,Zen 2 (Rome),1315,AMD 56323 rev 1.03,Two Processor System Configured With 3-link xGMI and Preferred IO Mode May Hang or Reset,Coherence and on-die or socket fabric,title,47,Coherence and on-die or socket fabric,xGMI socket links,no
A105,Ice Lake (client),ICL070,Intel 341079 rev 023,VT-d Domain-Specific Context Cache Invalidation Requests May Not Complete,Virtualization and IOMMU,title,170,Virtualization and IOMMU,VT-d context cache invalidation,no
A106,Alder Lake,ADL088,Intel 682436 rev 040,Certain VMCS Fields May be Incorrect During STM to VMX Transitions,Virtualization and IOMMU,title,170,Virtualization and IOMMU,VMCS fields on STM transition,no
A107,Broadwell-EP,BDF99,Intel 333811 rev 008US,System May Hang When Operating at High Temperatures,"Power, clocking, and thermal management",title,117,"Power, clocking, and thermal management",hang at high temperature,no
A108,Skylake-SP,SKX65,Intel 336065 rev 017US,BNDLDX and BNDSTX May Not Signal #GP on Non-Canonical Bound Directory Access,"Caches, TLBs, and load-store ordering",title,104,Instruction execution and exceptions,MPX BNDLDX/BNDSTX #GP,no
A109,Meteor Lake,MTL040,Intel 792254 rev 024,Lower Than Expected VCCSA and VCCGT Voltage,"Power, clocking, and thermal management",title,117,"Power, clocking, and thermal management",rail voltage limit,no
A110,Cascade Lake,CLX50,Intel 338848 rev 028US,Processor May Hang if Warm Reset Triggers During BIOS Initialization,"Interrupts, timers, reset, and system management",title,96,"Interrupts, timers, reset, and system management",warm reset during BIOS,no
A111,Ice Lake-SP,ICX47,Intel 637780 rev 026US,Spurious PCIe Link Parity Errors May be Logged,Machine check and error reporting,title,247,I/O and peripheral interfaces,PCIe lane parity status,no
A112,Arrow Lake,ARL010,Intel 834774 rev 023,Performance Monitoring Event Branch Instruction Retired Will Not Count CALLs to Next Sequential Instruction,"Debug, performance monitoring, and trace",title,339,"Debug, performance monitoring, and trace",branch retired event,no
A113,Sapphire Rapids,SPR122,Intel 772415 rev 022US,CHA TOR Timeout May Occur,Coherence and on-die or socket fabric,title,47,Coherence and on-die or socket fabric,CHA TOR timeout,no
A114,Raptor Lake,RPL003,Intel 740518 rev 031,Debug Exceptions May Be Lost or Misreported When MOV SS or POP SS Instruction is Not Followed By a Write to SP,"Debug, performance monitoring, and trace",title,339,"Debug, performance monitoring, and trace",debug exception delivery,no
A115,Tiger Lake,TGL022,Intel 631123 rev 034,PCIe Link_Down May Occur After Exiting From Package C10 Cycle,I/O and peripheral interfaces,title,228,I/O and peripheral interfaces,PCIe link after package C10,no
A116,Zen 4 (Genoa),1510,AMD 57095 rev 1.05,System May Not Reboot or Shut Down Successfully,"Interrupts, timers, reset, and system management",title,96,"Interrupts, timers, reset, and system management",PIC interrupt blocks reboot,no
A117,Arrow Lake,ARL002,Intel 834774 rev 023,Intel VT-d Remapping Hardware Does Not Perform Reserved(0) Check on PGSNP Field of Scalable-mode PASID Table Entry,Virtualization and IOMMU,title,170,Virtualization and IOMMU,VT-d PASID entry check,no
A118,Ice Lake-SP,ICX96,Intel 637780 rev 026US,A PECI Request May Receive an Incorrect Response,I/O and peripheral interfaces,title,228,I/O and peripheral interfaces,PECI,no
A119,Ice Lake (client),ICL032,Intel 341079 rev 023,PECI Frequency Limited to 3.2Kbps-1Mbps,I/O and peripheral interfaces,title,228,I/O and peripheral interfaces,PECI frequency,no
A120,Ice Lake-SP,ICX60,Intel 637780 rev 026US,PN_POWER_OF_SKU May be Incorrect,Unclassified,none,15,"Power, clocking, and thermal management",SKU power field,no
A121,Zen 5 (Turin),1560,AMD 58251 rev 1.30,Hang May Occur If DF C-State Is Enabled and CXL Type 1 Device Is Configured,Coherence and on-die or socket fabric,title,47,"Power, clocking, and thermal management",data-fabric C-state with CXL device; could be COH,no
A122,Skylake-SP,SKX92,Intel 336065 rev 017US,Memory May Continue to Throttle after MEMHOT# De-assertion,Memory controller and DRAM,title,72,Memory controller and DRAM,memory throttling on MEMHOT#,no
A123,Skylake-SP,SKX103,Intel 336065 rev 017US,Executing Some Instructions May Cause Unpredictable Behavior,Instruction execution and exceptions,title,177,Instruction execution and exceptions,x87/AVX/divide execution,yes
A124,Sapphire Rapids,SPR97,Intel 772415 rev 022US,Debug Exceptions May Be Lost or Misreported When MOV SS or POP SS Instruction is Not Followed By a Write to SP,"Debug, performance monitoring, and trace",title,339,"Debug, performance monitoring, and trace",debug exception delivery,no
A125,Broadwell-EP,BDF94,Intel 333811 rev 008US,Processor May Hang After Multiple Microcode Updates Loaded,"Interrupts, timers, reset, and system management",title,96,"Interrupts, timers, reset, and system management",microcode update load,no
A126,Cascade Lake,CLX61,Intel 338848 rev 028US,WBINVD/INVD Execution May Result in Unpredictable System Behavior,"Caches, TLBs, and load-store ordering",title,104,"Caches, TLBs, and load-store ordering",WBINVD/INVD in multi-socket systems,no
A127,Coffee Lake,CFL136,Intel 337346 rev 008,Unexpected Page Faults in Guest Virtualization Environment,Virtualization and IOMMU,title,170,Virtualization and IOMMU,guest page faults,no
A128,Ice Lake (client),ICL065,Intel 341079 rev 023,Unpredictable System Behavior Due to Move Elimination,Unclassified,none,15,Instruction execution and exceptions,move elimination,no
A129,Raptor Lake,RPL016,Intel 740518 rev 031,CPUID Reports Incorrect Number of Ways For The Load DTLB,"Caches, TLBs, and load-store ordering",title,104,Instruction execution and exceptions,CPUID TLB descriptor,no
A130,Ice Lake-SP,ICX162,Intel 637780 rev 026US,DPC Trigger Status Bit May Not Cleared,I/O and peripheral interfaces,title,228,I/O and peripheral interfaces,PCIe DPC status bit,no
A131,Ice Lake-SP,ICX118,Intel 637780 rev 026US,SGX Enclave Attestation And Unseal May Fail,Security and isolation features,title,73,Security and isolation features,SGX attestation after warm reset,no
A132,Raptor Lake,RPL002,Intel 740518 rev 031,x87 FDP Value May be Saved Incorrectly,Instruction execution and exceptions,title,177,Instruction execution and exceptions,x87 FDP save,no
A133,Meteor Lake,MTL005,Intel 792254 rev 024,Processor C-States With USB Full-Speed or Low-Speed Device Hotplug,I/O and peripheral interfaces,title,228,"Power, clocking, and thermal management",PMC and xHCI race blocks package C-states; could be IO,no
A134,Alder Lake,ADL058,Intel 682436 rev 040,DDR5 Clock Jitter Out of Spec,Memory controller and DRAM,title,72,Memory controller and DRAM,DDR5 clock jitter,no
A135,Ice Lake-SP,ICX98,Intel 637780 rev 026US,CHA UCNA Errors May be Incorrectly Controlled by MCi_CTL Enable Bits,Coherence and on-die or socket fabric,title,47,Machine check and error reporting,CHA UCNA machine-check control,no
A136,Broadwell-EP,BDF18,Intel 333811 rev 008US,"APIC Error ""Received Illegal Vector"" May be Lost","Interrupts, timers, reset, and system management",title,96,"Interrupts, timers, reset, and system management",APIC error status,no
A137,Sapphire Rapids,SPR72,Intel 772415 rev 022US,Intel IAA Does Not Allow Source 1 Size to be 0 For Expand Operation,"Graphics, display, and on-die accelerators",title,89,"Graphics, display, and on-die accelerators",IAA,no
A138,Tiger Lake,TGL035,Intel 631123 rev 034,Processor May Fail to Resume From Package C10,"Power, clocking, and thermal management",title,117,"Power, clocking, and thermal management",package C10 resume,no
A139,Meteor Lake,MTL071,Intel 792254 rev 024,Intel PT Incorrect CR3-Filtering,"Debug, performance monitoring, and trace",title,339,"Debug, performance monitoring, and trace",Intel PT CR3 filter,no
A140,Rocket Lake,RKL031,Intel 634808 rev 012,Platform May Not Resume From G3/S3/S4/S5,"Power, clocking, and thermal management",title,117,"Power, clocking, and thermal management",clock noise on resume,no
A141,Emerald Rapids,EMR92,Intel 793902 rev 023US,RTM Abort Status May be Incorrect For INT1/INT3 Instructions,Instruction execution and exceptions,title,177,Instruction execution and exceptions,RTM abort status,no
A142,Ice Lake (client),ICL066,Intel 341079 rev 023,REP MOVSB Might Lead to Incorrect ESP,"Caches, TLBs, and load-store ordering",title,104,Instruction execution and exceptions,REP MOVSB corrupts ESP,no
A143,Sapphire Rapids,SPR102,Intel 772415 rev 022US,System May Hang When Bus-Lock Detection Is Enabled And EPT Resides in Uncacheable Memory,Virtualization and IOMMU,title,170,Virtualization and IOMMU,EPT in UC memory with bus-lock detection,no
A144,Alder Lake,ADL021,Intel 682436 rev 040,Setting MISC_FEATURE_CONTROL.DISABLE_THREE_STRIKE_CNT Does Not Prevent The Three-strike Counter From Incrementing,Instruction execution and exceptions,description,177,Machine check and error reporting,three-strike counter,no
A145,Ice Lake-SP,ICX40,Intel 637780 rev 026US,Poisoned Locked Bus Transactions May Not Allow Warm Reset to Correctly Reset The Processor,Machine check and error reporting,title,247,"Interrupts, timers, reset, and system management",warm reset after poisoned locked transaction,no
A146,Coffee Lake,CFL107,Intel 337346 rev 008,The Processor May Fail to Boot During DDR4 Memory Training,Memory controller and DRAM,title,72,Memory controller and DRAM,DDR4 memory training,no
A147,Ice Lake-SP,ICX10,Intel 637780 rev 026US,Processor May Hang if Warm Reset Triggers During BIOS Initialization,"Interrupts, timers, reset, and system management",title,96,"Interrupts, timers, reset, and system management",warm reset during BIOS,no
A148,Tiger Lake,TGL059,Intel 631123 rev 034,Incorrect MCACOD For L2 Prefetch MCE,Machine check and error reporting,title,247,Machine check and error reporting,MCACOD for L2 prefetch MCE,no
A149,Coffee Lake,CFL081,Intel 337346 rev 008,IA32_RTIT_CR3_MATCH MSR Bits[11:5] Are Treated as Reserved,"Debug, performance monitoring, and trace",title,339,Instruction execution and exceptions,PT MSR reserved-bit #GP (MSR access semantics),no
A150,Emerald Rapids,EMR134,Intel 793902 rev 023US,A PCIe Device May Not Function After a Warm Reset,I/O and peripheral interfaces,title,228,I/O and peripheral interfaces,PCIe DPC across warm reset,no
A151,Coffee Lake,CFL059,Intel 337346 rev 008,Instructions Fetch #GP After RSM During Intel PT May Push Incorrect RFLAGS Value on Stack,"Debug, performance monitoring, and trace",title,339,Instruction execution and exceptions,RFLAGS pushed on #GP after RSM,no
A152,Raptor Lake,RPL059,Intel 740518 rev 031,Disabling The APIC While an Interrupt is Being Delivered May Cause a System Hang,"Interrupts, timers, reset, and system management",title,96,"Interrupts, timers, reset, and system management",APIC disable during delivery,no
A153,Coffee Lake,CFL147,Intel 337346 rev 008,Rare Internal Timing Conditions May Lead to Sporadic Hangs During Graphics VTd Flows,"Graphics, display, and on-die accelerators",title,89,"Graphics, display, and on-die accelerators",graphics IOMMU flows,no
A154,Zen 4 (Genoa),1372,AMD 57095 rev 1.05,#GP May Occur On Returning to 32Bit Mode After Five-Level Paging Was Enabled,"Caches, TLBs, and load-store ordering",title,104,Instruction execution and exceptions,mode switch after five-level paging,no
A155,Ice Lake-SP,ICX101,Intel 637780 rev 026US,CHA Errors May be Reported Incorrectly After a Warm Reset,Coherence and on-die or socket fabric,title,47,Machine check and error reporting,CHA error reporting after warm reset,no
A156,Emerald Rapids,EMR98,Intel 793902 rev 023US,Processor May Hang if Warm Reset Triggers During BIOS Initialization,"Interrupts, timers, reset, and system management",title,96,"Interrupts, timers, reset, and system management",warm reset during BIOS,no
A157,Ice Lake (client),ICL049,Intel 341079 rev 023,Isochronous Devices May Experience Deferred Memory Accesses,I/O and peripheral interfaces,title,228,"Graphics, display, and on-die accelerators",display engine register access in low power,no
A158,Zen 2 (Rome),1394,AMD 56323 rev 1.03,Processor May Cause Unexpected Collisions on SMBUS (System Management Bus),I/O and peripheral interfaces,title,228,I/O and peripheral interfaces,SMBus timing,no
A159,Broadwell-EP,BDF20,Intel 333811 rev 008US,CR0.CD Is Ignored in VMX Operation,Virtualization and IOMMU,title,170,Virtualization and IOMMU,CR0.CD in VMX operation; could be CACHE,no
A160,Ice Lake-SP,ICX2,Intel 637780 rev 026US,Wrong Page Access Semantics May be Reported When Intel SGX ENCLU[EMODPE] Instruction Generates Page Fault (#PF) Exception,Security and isolation features,title,73,Security and isolation features,SGX EMODPE page-fault code,no
A161,Zen 4 (Genoa),1462,AMD 57095 rev 1.05,System May Not Reboot or Shut Down Successfully After a Fatal Error,Machine check and error reporting,title,247,"Interrupts, timers, reset, and system management",reboot after fatal error,no
A162,Lunar Lake,LNL011,Intel 827538 rev 022,Unsynchronized Cross-Modifying Code Operations Can Cause Unexpected Instruction Execution Results,"Caches, TLBs, and load-store ordering",title,104,Instruction execution and exceptions,cross-modifying code,no
A163,Broadwell-EP,BDF69,Intel 333811 rev 008US,Software Using Intel TSX May Behave Unpredictably,Instruction execution and exceptions,title,177,Instruction execution and exceptions,TSX,no
A164,Sapphire Rapids,SPR36,Intel 772415 rev 022US,Intel UPI Link Not Resetting When L1 Mismatch Occurs Between Local and Remote Sockets,Coherence and on-die or socket fabric,title,47,Coherence and on-die or socket fabric,UPI link power state,no
A165,Tiger Lake,TGL047,Intel 631123 rev 034,Setting MISC_FEATURE_CONTROL.DISABLE_THREE_STRIKE_CNT Does Not Prevent The Three-strike Counter From Incrementing,Instruction execution and exceptions,description,177,Machine check and error reporting,three-strike counter,no
A166,Tiger Lake,TGL014,Intel 631123 rev 034,PECI Frequency Limited to 3.2Kbps-1Mbps,I/O and peripheral interfaces,title,228,I/O and peripheral interfaces,PECI frequency,no
A167,Sapphire Rapids,SPR60,Intel 772415 rev 022US,Unexpected #PF Exception Might Be Serviced Before a #GP Exception,Instruction execution and exceptions,title,177,Instruction execution and exceptions,exception priority,no
A168,Cascade Lake,CLX49,Intel 338848 rev 028US,Memory errors in a VLS region on a certain device may not be properly corrected,Memory controller and DRAM,description,72,Memory controller and DRAM,ADDDC in virtual lockstep,no
A169,Emerald Rapids,EMR88,Intel 793902 rev 023US,CPUID Reports Incorrect Number of Ways For The Load DTLB,"Caches, TLBs, and load-store ordering",title,104,Instruction execution and exceptions,CPUID TLB descriptor,no
A170,Meteor Lake,MTL041,Intel 792254 rev 024,Audio Distortions May Occur When Using Audio APOs,"Graphics, display, and on-die accelerators",title,89,"Power, clocking, and thermal management",package C-state exit latency causes audio distortion; could be GFX,no
A171,Cascade Lake,CLX39,Intel 338848 rev 028US,ITD Algorithm May Not Select Correct Operating Voltage,"Power, clocking, and thermal management",title,117,"Power, clocking, and thermal management",voltage compensation,no
A172,Raptor Lake,RPL050,Intel 740518 rev 031,CPU May Not Load The Most Recent Data,"Caches, TLBs, and load-store ordering",title,104,"Caches, TLBs, and load-store ordering",load misses most recent store from other thread,no
A173,Coffee Lake,CFL052,Intel 337346 rev 008,Integrated Audio Codec May Not be Detected,"Graphics, display, and on-die accelerators",title,89,"Graphics, display, and on-die accelerators",integrated audio codec,no
A174,Coffee Lake,CFL069,Intel 337346 rev 008,HWP's Guaranteed_Performance and Relevant Status/Interrupt May be Updated More Than Once Per Second,"Power, clocking, and thermal management",title,117,"Power, clocking, and thermal management",HWP guaranteed performance updates,no
A175,Ice Lake-SP,ICX12,Intel 637780 rev 026US,Placing Page Table Information in The APIC-Access Page May Lead to Unexpected Page Faults While Performing Enclave Accesses,Security and isolation features,title,73,Virtualization and IOMMU,APIC-access page with enclave access; could be SEC,no
A176,Alder Lake,ADL051,Intel 682436 rev 040,GPU Hang When Async Compute is Enabled,"Graphics, display, and on-die accelerators",title,89,"Graphics, display, and on-die accelerators",GPU hang,no
A177,Emerald Rapids,EMR41,Intel 793902 rev 023US,System May Hang Due to Full LLRB,Unclassified,none,15,Coherence and on-die or socket fabric,link-level retry buffer (UPI flits),no
A178,Tiger Lake,TGL034,Intel 631123 rev 034,Executing an XSAVE or VZEROALL Instruction After SYSENTER May Result in Unexpected SSE/AVX Register Values,Instruction execution and exceptions,title,177,Instruction execution and exceptions,XSAVE/VZEROALL after SYSENTER,no
A179,Sapphire Rapids,SPR142,Intel 772415 rev 022US,System May Hang Waiting For Intel VT-d Invalidation Wait Descriptor to Complete,Virtualization and IOMMU,title,170,Virtualization and IOMMU,VT-d invalidation wait with posted interrupts,no
A180,Zen 4 (Genoa),1546,AMD 57095 rev 1.05,I3C Operation at Greater Than 6MHz With More Than Four DIMMs Per I3C Bus Not Supported,Memory controller and DRAM,title,72,Memory controller and DRAM,I3C DIMM sideband bus; could be IO,no
A181,Zen 2 (Rome),1468,AMD 56323 rev 1.03,Stack Pointer May Be Corrupted,Unclassified,none,15,Instruction execution and exceptions,stack pointer corruption,no
A182,Skylake-SP,SKX109,Intel 336065 rev 017US,Direct Branches With Partial Address Aliasing May Lead to Unpredictable System Behavior,Instruction execution and exceptions,title,177,Instruction execution and exceptions,direct branch aliasing,no
A183,Emerald Rapids,EMR105,Intel 793902 rev 023US,Intel SGX ENCLU[EACCEPT] Will Not Cause #GP When TCS.PREVSPP is Non-Zero,Security and isolation features,title,73,Security and isolation features,SGX EACCEPT #GP,no
A184,Broadwell-EP,BDF96,Intel 333811 rev 008US,Systems That Enable Both OSB And IODC May Exhibit Unexpected System Behavior,Coherence and on-die or socket fabric,description,47,Coherence and on-die or socket fabric,snoop broadcast with IO directory cache,no
A185,Sapphire Rapids,SPR118,Intel 772415 rev 022US,WRMSR to a Few Core MSRs Might be Overwritten,Instruction execution and exceptions,title,177,"Power, clocking, and thermal management",MSR value lost across thread C6 transitions,no
A186,Tiger Lake,TGL004,Intel 631123 rev 034,Placing Posted-Interrupt Descriptors Within the PRMRR May Result in a Processor Hang,Security and isolation features,title,73,Virtualization and IOMMU,posted-interrupt descriptors in PRMRR; could be SEC,no
A187,Ice Lake (client),ICL004,Intel 341079 rev 023,SMRAM State-Save Area above the 4GB Boundary May Cause Unpredictable System Behavior,"Interrupts, timers, reset, and system management",title,96,"Interrupts, timers, reset, and system management",SMRAM state-save address,no
A188,Sapphire Rapids,SPR73,Intel 772415 rev 022US,Intel DSA / Intel IAA And WQ Configuration Registers May be Incorrectly Updated,"Graphics, display, and on-die accelerators",title,89,"Graphics, display, and on-die accelerators",DSA/IAA configuration registers,no
A189,Ice Lake (client),ICL054,Intel 341079 rev 023,MASKMOV Instruction to A Physical Memory Location Mapped by Two Linear Addresses of Different Page Sizes May Result in Unpredictable System Behavior,"Caches, TLBs, and load-store ordering",title,104,"Caches, TLBs, and load-store ordering",MASKMOV with aliased page sizes,no
A190,Skylake-SP,SKX88,Intel 336065 rev 017US,Using Intel TSX Instructions May Lead to Unpredictable System Behavior,Instruction execution and exceptions,title,177,Instruction execution and exceptions,TSX,no
A191,Ice Lake-SP,ICX59,Intel 637780 rev 026US,PKG_MIN_PWR May be Incorrect,Unclassified,none,15,"Power, clocking, and thermal management",package minimum power field,no
A192,Arrow Lake,ARL067,Intel 834774 rev 023,Instruction Timeout VM Exit Will Not Set Guest RFLAGS.RF During #UD,Virtualization and IOMMU,title,170,Virtualization and IOMMU,instruction-timeout VM exit,no
A193,Tiger Lake,TGL057,Intel 631123 rev 034,Call Instruction Wrapping Around The 32-bit Address Boundary May Return to Incorrect Address,Instruction execution and exceptions,title,177,Instruction execution and exceptions,call wrapping 32-bit boundary,no
A194,Rocket Lake,RKL005,Intel 634808 rev 012,Wrong Page Access Semantics May be Reported When Intel SGX ENCLU[EMODPE] Instruction Generates Page Fault (#PF) Exception,Security and isolation features,title,73,Security and isolation features,SGX EMODPE page-fault code,no
A195,Ice Lake (client),ICL025,Intel 341079 rev 023,Intel SGX Enclave Accesses to the APIC-Access Page May Cause APIC-Access VM Exits,Security and isolation features,title,73,Virtualization and IOMMU,SGX access to APIC-access page; could be SEC,no
A196,Raptor Lake,RPL046,Intel 740518 rev 031,IA32_MC2_ADDR And IA32_MC2_MISC MSRs Will be Cleared on Warm Reset,"Interrupts, timers, reset, and system management",title,96,Machine check and error reporting,MC2 address and misc registers across warm reset,no
A197,Sapphire Rapids,SPR4,Intel 772415 rev 022US,TILEDATA State May Be Saved Incorrectly,"Graphics, display, and on-die accelerators",title,89,Instruction execution and exceptions,XSAVE of AMX TILEDATA state,no
A198,Broadwell-EP,BDF74,Intel 333811 rev 008US,Incorrect VMCS Used for PML-Index field on VMX Transitions Into and Out of SMM,Virtualization and IOMMU,title,170,Virtualization and IOMMU,PML index on SMM transitions,no
A199,Meteor Lake,MTL039,Intel 792254 rev 024,Processor May Provide Insufficient System Agent Voltage,"Power, clocking, and thermal management",title,117,"Power, clocking, and thermal management",system agent voltage,no
A200,Ice Lake-SP,ICX119,Intel 637780 rev 026US,ADR May Fail to Complete,Memory controller and DRAM,title,72,Memory controller and DRAM,asynchronous DRAM refresh flow,no
A201,Coffee Lake,CFL048,Intel 337346 rev 008,PECI Frequency Limited to 1 MHz,I/O and peripheral interfaces,title,228,I/O and peripheral interfaces,PECI frequency,no
A202,Alder Lake,ADL019,Intel 682436 rev 040,WRMSR to Reserved Bits of IA32_L3_QOS_Mask_15 May Not Signal a #GP,"Caches, TLBs, and load-store ordering",title,104,Instruction execution and exceptions,MSR reserved-bit #GP,no
A203,Skylake-SP,SKX11,Intel 336065 rev 017US,Intel UPI CRC32 Rolling Mode is Not Functional (Intel Xeon Processor SP),Coherence and on-die or socket fabric,title,47,Coherence and on-die or socket fabric,UPI CRC rolling mode,no
A204,Ice Lake-SP,ICX155,Intel 637780 rev 026US,THERMTRIP Will be Asserted When Conditions to Assert MEMTRIP Are Met,Unclassified,none,15,"Power, clocking, and thermal management",THERMTRIP policy,no
A205,Ice Lake (client),ICL079,Intel 341079 rev 023,Placing Posted-Interrupt Descriptors Within the PRMRR May Result in a Processor Hang,Security and isolation features,title,73,Virtualization and IOMMU,posted-interrupt descriptors in PRMRR; could be SEC,no
A206,Tiger Lake,TGL023,Intel 631123 rev 034,Reported Package Power May Not be Accurate,"Power, clocking, and thermal management",description,117,"Power, clocking, and thermal management",package energy status,no
A207,Rocket Lake,RKL014,Intel 634808 rev 012,PEG10 PCIe Root Port May Report Incorrect Maximum Link Width,I/O and peripheral interfaces,title,228,I/O and peripheral interfaces,PCIe root port link width,no
A208,Skylake-SP,SKX89,Intel 336065 rev 017US,Viral Mode of Error Containment (R_CPU07) May Not Properly Handle Data Corruption Containment as Intended,Coherence and on-die or socket fabric,description,47,Machine check and error reporting,viral error containment,no
A209,Rocket Lake,RKL019,Intel 634808 rev 012,Single Core Configurations May Hang on S3/S4 Resume,"Power, clocking, and thermal management",title,117,"Power, clocking, and thermal management",S3/S4 resume in single-core mode,no
A210,Meteor Lake,MTL060,Intel 792254 rev 024,Locked Page Split Access May Not be Detected by UC-lock Disable if Split- lock Disable is Not Used,Security and isolation features,title,73,Security and isolation features,UC-lock disable detection,no
A211,Cascade Lake,CLX33,Intel 338848 rev 028US,STIBP May Not Function as Intended,Security and isolation features,title,73,Security and isolation features,STIBP,no
A212,Arrow Lake,ARL075,Intel 834774 rev 023,Execution of IRET in Compatibility Mode May Free Supervisor Shadow Stack Token,Security and isolation features,title,73,Security and isolation features,CET shadow-stack token handling,no
A213,Ice Lake-SP,ICX44,Intel 637780 rev 026US,Intel PT TIP.PGD May Not Have Target IP Payload,"Debug, performance monitoring, and trace",title,339,"Debug, performance monitoring, and trace",Intel PT packet,no
A214,Broadwell-EP,BDF104,Intel 333811 rev 008US,A Pending Fixed Interrupt May Be Dispatched Before an Interrupt of The Same Priority Completes,"Interrupts, timers, reset, and system management",title,96,"Interrupts, timers, reset, and system management",APIC interrupt dispatch after C6,no
A215,Zen 5 (Turin),1569,AMD 58251 rev 1.30,PMCx078 Counts Incorrectly in Unpredictable Ways,Unclassified,none,15,"Debug, performance monitoring, and trace",performance counter,no
A216,Raptor Lake,RPL014,Intel 740518 rev 031,Single Step on Branches Might be Missed When VMM Enables Notification On VM Exit,"Debug, performance monitoring, and trace",title,339,"Debug, performance monitoring, and trace",single-step with VM-exit notification; could be VIRT,no
A217,Zen 4 (Genoa),1394,AMD 57095 rev 1.05,Processor May Cause Unexpected Collisions on SMBUS (System Management Bus),I/O and peripheral interfaces,title,228,I/O and peripheral interfaces,SMBus timing,no
A218,Cascade Lake,CLX30,Intel 338848 rev 028US,A Pending Fixed Interrupt May Be Dispatched Before an Interrupt of The Same Priority Completes,"Interrupts, timers, reset, and system management",title,96,"Interrupts, timers, reset, and system management",APIC interrupt dispatch after C6,no
A219,Ice Lake-SP,ICX45,Intel 637780 rev 026US,Intel PT PSB+ May be Lost,"Debug, performance monitoring, and trace",title,339,"Debug, performance monitoring, and trace",Intel PT PSB,no
A220,Coffee Lake,CFL112,Intel 337346 rev 008,Certain DDR4 Memory Configurations May Cause Unpredictable System Behavior,Memory controller and DRAM,title,72,Memory controller and DRAM,DDR4 command timing,no
A221,Rocket Lake,RKL012,Intel 634808 rev 012,Unable to Transmit Modified Compliance Test Pattern at 2.5 GT/S or 5.0 GT/s Link Speeds,"Graphics, display, and on-die accelerators",title,89,I/O and peripheral interfaces,PCIe compliance pattern,no
A222,Lunar Lake,LNL023,Intel 827538 rev 022,Unexpected Global Reset During Microcode Update,"Interrupts, timers, reset, and system management",title,96,"Interrupts, timers, reset, and system management",microcode update global reset,no
A223,Zen 1 (Naples),955,AMD 55449 rev 1.21,"Processor May Stall If Error Reporting is Disabled and a Cacheable Lock or Table-Walk Load Encounters a Master Abort, Target Abort, or Protection Violation",Machine check and error reporting,title,247,Machine check and error reporting,stall when error reporting disabled,no
A224,Arrow Lake,ARL006,Intel 834774 rev 023,PCONFIG Error Reporting May be Incorrect,Machine check and error reporting,title,247,Instruction execution and exceptions,PCONFIG fault semantics,no
A225,Alder Lake,ADL008,Intel 682436 rev 040,System May Hang When Bus-Lock Detection Is Enabled and EPT Resides in Uncacheable Memory,Virtualization and IOMMU,title,170,Virtualization and IOMMU,EPT in UC memory with bus-lock detection,no
A226,Tiger Lake,TGL025,Intel 631123 rev 034,Cache Configuration May be Incorrectly Initialized During Boot,"Interrupts, timers, reset, and system management",title,96,"Caches, TLBs, and load-store ordering",cache configuration at boot; could be INT,no
A227,Zen 1 (Naples),1201,AMD 55449 rev 1.21,The Processor May Hang If it Receives INIT# While Already In the INIT# State,"Interrupts, timers, reset, and system management",title,96,"Interrupts, timers, reset, and system management",INIT# handling,no
A228,Cascade Lake,CLX21,Intel 338848 rev 028US,Intel MBM Counters May Double Count,Memory controller and DRAM,title,72,Memory controller and DRAM,memory bandwidth monitoring counters,no
A229,Ice Lake-SP,ICX48,Intel 637780 rev 026US,IBIST Receiver Error Overflow Register Field Cannot be Cleared by Software,Unclassified,none,15,I/O and peripheral interfaces,IBIST receiver error field,no
A230,Skylake-SP,SKX3,Intel 336065 rev 017US,"In Memory Mirror Mode, DataErrorChunk Field Might be Incorrect (Intel Xeon Processor SP)",Memory controller and DRAM,title,72,Machine check and error reporting,mirror-mode error chunk reporting,no
A231,Zen 2 (Rome),1573,AMD 56323 rev 1.03,MCA::IF::MCA_CTL_IF[TagMultiHit] Error May Be Reported Twice,Machine check and error reporting,title,247,Machine check and error reporting,duplicate MCA report,no
