family,vendor,segment,document_kind,id_prefix,url
Broadwell-EP,Intel,Server,Intel Xeon E5-2600 v4 Processor Product Family Specification Update,BDF,https://cdrdv2.intel.com/v1/dl/getContent/333811
Skylake-SP,Intel,Server,Intel Xeon Processor Scalable Family Specification Update,SKX,https://cdrdv2.intel.com/v1/dl/getContent/336065
Cascade Lake,Intel,Server,2nd Gen Intel Xeon Scalable Processors Specification Update,CLX,https://cdrdv2.intel.com/v1/dl/getContent/338848
Ice Lake-SP,Intel,Server,3rd Gen Intel Xeon Scalable Processors Specification Update,ICX,https://cdrdv2.intel.com/v1/dl/getContent/637780
Sapphire Rapids,Intel,Server,4th Gen Intel Xeon Processor Scalable Family Specification Update,SPR,https://cdrdv2.intel.com/v1/dl/getContent/772415
Emerald Rapids,Intel,Server,5th Gen Intel Xeon Processor Scalable Family Specification Update,EMR(?:LCC)?,https://cdrdv2.intel.com/v1/dl/getContent/793902
Coffee Lake,Intel,Client,8th and 9th Generation Intel Core Processor Family Specification Update,CFL,https://cdrdv2.intel.com/v1/dl/getContent/337346
Ice Lake (client),Intel,Client,10th Generation Intel Core Processor Specification Update (U/Y),ICL,https://cdrdv2.intel.com/v1/dl/getContent/341079
Tiger Lake,Intel,Client,11th Generation Intel Core Processor Specification Update (UP3/UP4/H35/H81),TGL,https://cdrdv2.intel.com/v1/dl/getContent/631123
Rocket Lake,Intel,Client,11th Generation Intel Core Processor Specification Update (S),RKL,https://cdrdv2.intel.com/v1/dl/getContent/634808
Alder Lake,Intel,Client,12th Generation Intel Core Processor Specification Update,ADL,https://cdrdv2.intel.com/v1/dl/getContent/682436
Raptor Lake,Intel,Client,13th Generation and 14th Generation Intel Core Processor Specification Update,RPL,https://cdrdv2.intel.com/v1/dl/getContent/740518
Meteor Lake,Intel,Client,Intel Core Ultra Processor Specification Update,MTL,https://cdrdv2.intel.com/v1/dl/getContent/792254
Lunar Lake,Intel,Client,Intel Core Ultra 200V Series Processors Specification Update,LNL,https://cdrdv2.intel.com/v1/dl/getContent/827538
Arrow Lake,Intel,Client,Intel Core Ultra Processors (Series 2) Specification Update,ARL,https://cdrdv2.intel.com/v1/dl/getContent/834774
Zen 1 (Naples),AMD,Server,Revision Guide for AMD Family 17h Models 00h-0Fh Processors,,https://docs.amd.com/api/khub/documents/abOrVU_gcO7ZsC3qDF4uNQ/content
Zen 2 (Rome),AMD,Server,Revision Guide for AMD Family 17h Models 30h-3Fh Processors,,https://docs.amd.com/api/khub/documents/V2_PYRjhtUCkuQy_LbO5Zg/content
Zen 4 (Genoa),AMD,Server,Revision Guide for AMD Family 19h Models 10h-1Fh Processors,,https://docs.amd.com/api/khub/documents/LZ~6p62H~zRDhkNiPAE9NQ/content
Zen 5 (Turin),AMD,Server,Revision Guide for AMD Family 1Ah Models 00h-0Fh Processors,,https://docs.amd.com/api/khub/documents/HwPCwoUzi4L8X5f_1Khe9A/content
