# Extracted with pdftotext version 26.04.0 and PyMuPDF 1.27.2.2; see README.md. One row per source document.
family,vendor,segment,document,doc_number,revision,doc_date,pages,url,sha256,retrieved,summary_table_count,removed_in_document,extracted_count,titles_crosschecked
Broadwell-EP,Intel,Server,Intel Xeon E5-2600 v4 Processor Product Family Specification Update,333811,008US,April 2022,36,https://cdrdv2.intel.com/v1/dl/getContent/333811,9d33e89f84134da38d7e7fd8a081a711150bc5205d68c10024a1111c96b8af59,2026-09-29,109,3,106,106
Skylake-SP,Intel,Server,Intel Xeon Processor Scalable Family Specification Update,336065,017US,October 2020,52,https://cdrdv2.intel.com/v1/dl/getContent/336065,0b4429daf3a28ba81d9da8fc739df208370f75cf2ec1588492418c181c3add1b,2026-09-29,116,0,116,116
Cascade Lake,Intel,Server,2nd Gen Intel Xeon Scalable Processors Specification Update,338848,028US,October 2023,44,https://cdrdv2.intel.com/v1/dl/getContent/338848,49ba22ce4851f6c44245ea94e7ee3273bb447f0ba34c0238c5d71eb6e39f1940,2026-09-29,75,0,75,75
Ice Lake-SP,Intel,Server,3rd Gen Intel Xeon Scalable Processors Specification Update,637780,026US,March 2026,60,https://cdrdv2.intel.com/v1/dl/getContent/637780,b7bdf798371941505dad79d190d90995cd20872437cddf74ef0e18591549f8d3,2026-09-29,177,4,173,173
Sapphire Rapids,Intel,Server,4th Gen Intel Xeon Processor Scalable Family Specification Update,772415,022US,August 2026,68,https://cdrdv2.intel.com/v1/dl/getContent/772415,ab8c4f13e7e0560ab91bbc08652457ce274240d1c1c906ed59cbc7e8f4039454,2026-09-29,165,0,165,165
Emerald Rapids,Intel,Server,5th Gen Intel Xeon Processor Scalable Family Specification Update,793902,023US,July 2026,66,https://cdrdv2.intel.com/v1/dl/getContent/793902,8291e69871b384d2b7af27854fb62fd4c417fe2092cff4fa4d9e8678f6c1e33e,2026-09-29,160,2,158,158
Coffee Lake,Intel,Client,8th and 9th Generation Intel Core Processor Family Specification Update,337346,008,November 2025,64,https://cdrdv2.intel.com/v1/dl/getContent/337346,454ba48aa5b74f63764e38f17c82bbc6ad2acb621304ba1b41655a1846d5e5f4,2026-09-29,157,5,152,151
Ice Lake (client),Intel,Client,10th Generation Intel Core Processor Specification Update (U/Y),341079,023,April 2026,40,https://cdrdv2.intel.com/v1/dl/getContent/341079,e8b42aac9d0af23eefee822acc8442bd544f56c53070b4b91f38e029b91e753c,2026-09-29,92,3,89,74
Tiger Lake,Intel,Client,11th Generation Intel Core Processor Specification Update (UP3/UP4/H35/H81),631123,034,April 2026,36,https://cdrdv2.intel.com/v1/dl/getContent/631123,9eaacfd64a426fa384034a91a73d59b5262ce2d01381d71429adfad4779f3e4f,2026-09-29,75,2,73,71
Rocket Lake,Intel,Client,11th Generation Intel Core Processor Specification Update (S),634808,012,April 2023,23,https://cdrdv2.intel.com/v1/dl/getContent/634808,7e28cacfd053acaf1ec4e007702f09e1aa449d2bc6c945908160765d439c9c33,2026-09-29,36,1,35,29
Alder Lake,Intel,Client,12th Generation Intel Core Processor Specification Update,682436,040,September 2026,47,https://cdrdv2.intel.com/v1/dl/getContent/682436,79752bb75aac2618c96062a514e59883b8a97a5411f27d9ab2c55c6f006ef0bd,2026-09-29,94,3,91,65
Raptor Lake,Intel,Client,13th Generation and 14th Generation Intel Core Processor Specification Update,740518,031,September 2026,45,https://cdrdv2.intel.com/v1/dl/getContent/740518,9ad272edeec520051732a149a15762515861564258c960d37661ac5c20ca4521,2026-09-29,80,0,80,76
Meteor Lake,Intel,Client,Intel Core Ultra Processor Specification Update,792254,024,September 2026,42,https://cdrdv2.intel.com/v1/dl/getContent/792254,0e54224fea1ee1972a6cfa4d4df9d7cd9c70734a7afca9021b252f6781e6328c,2026-09-29,83,1,82,54
Lunar Lake,Intel,Client,Intel Core Ultra 200V Series Processors Specification Update,827538,022,September 2026,34,https://cdrdv2.intel.com/v1/dl/getContent/827538,78d4a3a5f87d91cb386c0d08586475b348fb255b705db233a67d1464d235424f,2026-09-29,72,4,68,47
Arrow Lake,Intel,Client,Intel Core Ultra Processors (Series 2) Specification Update,834774,023,September 2026,40,https://cdrdv2.intel.com/v1/dl/getContent/834774,13817d545155a9aadfd8bd922fdb01011730355abed77272665c049b1573dea3,2026-09-29,76,3,73,69
Zen 1 (Naples),AMD,Server,Revision Guide for AMD Family 17h Models 00h-0Fh Processors,55449,1.21,August 2023,98,https://docs.amd.com/api/khub/documents/abOrVU_gcO7ZsC3qDF4uNQ/content,9345cdd3a297b317b2b02098b1b31c9fa7ec504f0ec36dd5da15ad99410e241f,2026-09-29,76,0,76,76
Zen 2 (Rome),AMD,Server,Revision Guide for AMD Family 17h Models 30h-3Fh Processors,56323,1.03,February 2026,68,https://docs.amd.com/api/khub/documents/V2_PYRjhtUCkuQy_LbO5Zg/content,db6c4662272e0278b1a7e89bed3d17a600b15e07f18063fb648c281e7fe2bfff,2026-09-29,49,0,49,49
Zen 4 (Genoa),AMD,Server,Revision Guide for AMD Family 19h Models 10h-1Fh Processors,57095,1.05,November 2025,94,https://docs.amd.com/api/khub/documents/LZ~6p62H~zRDhkNiPAE9NQ/content,c279f4ee838329ea607a171988ca699f97be4dbc9f8ac11918ec37207c18326c,2026-09-29,66,0,66,65
Zen 5 (Turin),AMD,Server,Revision Guide for AMD Family 1Ah Models 00h-0Fh Processors,58251,1.30,July 2025,65,https://docs.amd.com/api/khub/documents/HwPCwoUzi4L8X5f_1Khe9A/content,0a6161202dfe5b15d37f4a4f031bf1c9fa3d8366467033e18c10e06177336220,2026-09-29,47,0,47,46
