family,erratum_id,vendor,status,workaround_class
Broadwell-EP,BDF1,Intel,No Fix,workaround_stated
Broadwell-EP,BDF2,Intel,No Fix,none_stated
Broadwell-EP,BDF3,Intel,No Fix,none_stated
Broadwell-EP,BDF4,Intel,No Fix,none_stated
Broadwell-EP,BDF5,Intel,No Fix,workaround_stated
Broadwell-EP,BDF6,Intel,No Fix,workaround_stated
Broadwell-EP,BDF7,Intel,No Fix,workaround_stated
Broadwell-EP,BDF8,Intel,No Fix,workaround_stated
Broadwell-EP,BDF9,Intel,No Fix,workaround_stated
Broadwell-EP,BDF10,Intel,No Fix,workaround_stated
Broadwell-EP,BDF11,Intel,No Fix,none_stated
Broadwell-EP,BDF12,Intel,No Fix,workaround_stated
Broadwell-EP,BDF13,Intel,No Fix,none_stated
Broadwell-EP,BDF14,Intel,No Fix,none_stated
Broadwell-EP,BDF15,Intel,No Fix,workaround_stated
Broadwell-EP,BDF16,Intel,No Fix,none_stated
Broadwell-EP,BDF17,Intel,No Fix,none_stated
Broadwell-EP,BDF18,Intel,No Fix,none_stated
Broadwell-EP,BDF19,Intel,No Fix,workaround_stated
Broadwell-EP,BDF20,Intel,No Fix,workaround_stated
Broadwell-EP,BDF21,Intel,No Fix,workaround_stated
Broadwell-EP,BDF22,Intel,No Fix,workaround_stated
Broadwell-EP,BDF23,Intel,No Fix,workaround_stated
Broadwell-EP,BDF24,Intel,No Fix,none_stated
Broadwell-EP,BDF25,Intel,No Fix,none_stated
Broadwell-EP,BDF26,Intel,No Fix,workaround_stated
Broadwell-EP,BDF27,Intel,No Fix,workaround_stated
Broadwell-EP,BDF28,Intel,No Fix,none_stated
Broadwell-EP,BDF29,Intel,No Fix,none_stated
Broadwell-EP,BDF30,Intel,No Fix,workaround_stated
Broadwell-EP,BDF31,Intel,No Fix,none_stated
Broadwell-EP,BDF32,Intel,No Fix,none_stated
Broadwell-EP,BDF33,Intel,No Fix,none_stated
Broadwell-EP,BDF34,Intel,No Fix,none_stated
Broadwell-EP,BDF35,Intel,No Fix,none_with_guidance
Broadwell-EP,BDF36,Intel,No Fix,workaround_stated
Broadwell-EP,BDF37,Intel,No Fix,workaround_stated
Broadwell-EP,BDF38,Intel,No Fix,workaround_stated
Broadwell-EP,BDF39,Intel,No Fix,none_stated
Broadwell-EP,BDF40,Intel,No Fix,none_stated
Broadwell-EP,BDF41,Intel,No Fix,workaround_stated
Broadwell-EP,BDF43,Intel,No Fix,workaround_stated
Broadwell-EP,BDF44,Intel,No Fix,workaround_stated
Broadwell-EP,BDF45,Intel,No Fix,workaround_stated
Broadwell-EP,BDF46,Intel,No Fix,none_with_guidance
Broadwell-EP,BDF47,Intel,No Fix,none_stated
Broadwell-EP,BDF48,Intel,No Fix,none_stated
Broadwell-EP,BDF49,Intel,No Fix,workaround_stated
Broadwell-EP,BDF50,Intel,No Fix,workaround_stated
Broadwell-EP,BDF51,Intel,No Fix,none_with_guidance
Broadwell-EP,BDF52,Intel,No Fix,workaround_stated
Broadwell-EP,BDF53,Intel,No Fix,none_stated
Broadwell-EP,BDF54,Intel,No Fix,workaround_stated
Broadwell-EP,BDF55,Intel,No Fix,workaround_stated
Broadwell-EP,BDF56,Intel,No Fix,workaround_stated
Broadwell-EP,BDF57,Intel,No Fix,workaround_stated
Broadwell-EP,BDF58,Intel,No Fix,none_with_guidance
Broadwell-EP,BDF59,Intel,No Fix,workaround_stated
Broadwell-EP,BDF60,Intel,No Fix,none_stated
Broadwell-EP,BDF62,Intel,No Fix,workaround_stated
Broadwell-EP,BDF63,Intel,No Fix,workaround_stated
Broadwell-EP,BDF64,Intel,No Fix,workaround_stated
Broadwell-EP,BDF65,Intel,No Fix,none_stated
Broadwell-EP,BDF66,Intel,No Fix,workaround_stated
Broadwell-EP,BDF67,Intel,No Fix,workaround_stated
Broadwell-EP,BDF68,Intel,No Fix,workaround_stated
Broadwell-EP,BDF69,Intel,No Fix,workaround_stated
Broadwell-EP,BDF70,Intel,No Fix,workaround_stated
Broadwell-EP,BDF71,Intel,No Fix,workaround_stated
Broadwell-EP,BDF72,Intel,No Fix,none_stated
Broadwell-EP,BDF73,Intel,No Fix,none_stated
Broadwell-EP,BDF74,Intel,No Fix,none_with_guidance
Broadwell-EP,BDF75,Intel,No Fix,workaround_stated
Broadwell-EP,BDF76,Intel,No Fix,workaround_stated
Broadwell-EP,BDF77,Intel,No Fix,workaround_stated
Broadwell-EP,BDF78,Intel,No Fix,workaround_stated
Broadwell-EP,BDF79,Intel,No Fix,workaround_stated
Broadwell-EP,BDF80,Intel,No Fix,workaround_stated
Broadwell-EP,BDF81,Intel,No Fix,none_stated
Broadwell-EP,BDF82,Intel,No Fix,workaround_stated
Broadwell-EP,BDF83,Intel,No Fix,workaround_stated
Broadwell-EP,BDF84,Intel,No Fix,workaround_stated
Broadwell-EP,BDF85,Intel,No Fix,workaround_stated
Broadwell-EP,BDF86,Intel,No Fix,none_with_guidance
Broadwell-EP,BDF87,Intel,No Fix,none_stated
Broadwell-EP,BDF88,Intel,No Fix,workaround_stated
Broadwell-EP,BDF89,Intel,No Fix,workaround_stated
Broadwell-EP,BDF90,Intel,No Fix,workaround_stated
Broadwell-EP,BDF91,Intel,No Fix,workaround_stated
Broadwell-EP,BDF93,Intel,No Fix,workaround_stated
Broadwell-EP,BDF94,Intel,No Fix,workaround_stated
Broadwell-EP,BDF95,Intel,No Fix,none_stated
Broadwell-EP,BDF96,Intel,No Fix,workaround_stated
Broadwell-EP,BDF97,Intel,No Fix,none_stated
Broadwell-EP,BDF98,Intel,No Fix,none_with_guidance
Broadwell-EP,BDF99,Intel,No Fix,workaround_stated
Broadwell-EP,BDF100,Intel,No Fix,workaround_stated
Broadwell-EP,BDF101,Intel,No Fix,workaround_stated
Broadwell-EP,BDF102,Intel,No Fix,workaround_stated
Broadwell-EP,BDF103,Intel,No Fix,workaround_stated
Broadwell-EP,BDF104,Intel,No Fix,workaround_stated
Broadwell-EP,BDF105,Intel,No Fix,none_stated
Broadwell-EP,BDF106,Intel,No Fix,workaround_stated
Broadwell-EP,BDF107,Intel,No Fix,workaround_stated
Broadwell-EP,BDF108,Intel,No Fix,none_stated
Broadwell-EP,BDF109,Intel,No Fix,none_stated
Skylake-SP,SKX1,Intel,No Fix,none_stated
Skylake-SP,SKX2,Intel,No Fix,none_stated
Skylake-SP,SKX3,Intel,No Fix,none_stated
Skylake-SP,SKX4,Intel,No Fix,none_stated
Skylake-SP,SKX5,Intel,No Fix,none_stated
Skylake-SP,SKX6,Intel,No Fix,none_stated
Skylake-SP,SKX7,Intel,No Fix,workaround_stated
Skylake-SP,SKX8,Intel,No Fix,none_with_guidance
Skylake-SP,SKX9,Intel,No Fix,workaround_stated
Skylake-SP,SKX10,Intel,No Fix,none_stated
Skylake-SP,SKX11,Intel,No Fix,none_with_guidance
Skylake-SP,SKX12,Intel,No Fix,none_stated
Skylake-SP,SKX13,Intel,No Fix,none_stated
Skylake-SP,SKX14,Intel,No Fix,workaround_stated
Skylake-SP,SKX15,Intel,No Fix,none_with_guidance
Skylake-SP,SKX16,Intel,No Fix,none_with_guidance
Skylake-SP,SKX17,Intel,No Fix,none_stated
Skylake-SP,SKX18,Intel,No Fix,none_with_guidance
Skylake-SP,SKX19,Intel,No Fix,none_stated
Skylake-SP,SKX20,Intel,No Fix,none_with_guidance
Skylake-SP,SKX21,Intel,No Fix,workaround_stated
Skylake-SP,SKX22,Intel,No Fix,workaround_stated
Skylake-SP,SKX23,Intel,No Fix,workaround_stated
Skylake-SP,SKX24,Intel,No Fix,workaround_stated
Skylake-SP,SKX25,Intel,No Fix,workaround_stated
Skylake-SP,SKX26,Intel,No Fix,none_stated
Skylake-SP,SKX27,Intel,No Fix,none_stated
Skylake-SP,SKX28,Intel,No Fix,none_stated
Skylake-SP,SKX29,Intel,No Fix,workaround_stated
Skylake-SP,SKX30,Intel,No Fix,none_stated
Skylake-SP,SKX31,Intel,No Fix,workaround_stated
Skylake-SP,SKX32,Intel,No Fix,workaround_stated
Skylake-SP,SKX33,Intel,No Fix,workaround_stated
Skylake-SP,SKX34,Intel,No Fix,none_stated
Skylake-SP,SKX35,Intel,No Fix,workaround_stated
Skylake-SP,SKX36,Intel,No Fix,workaround_stated
Skylake-SP,SKX37,Intel,No Fix,workaround_stated
Skylake-SP,SKX38,Intel,No Fix,none_stated
Skylake-SP,SKX39,Intel,No Fix,none_with_guidance
Skylake-SP,SKX40,Intel,No Fix,workaround_stated
Skylake-SP,SKX41,Intel,No Fix,workaround_stated
Skylake-SP,SKX42,Intel,No Fix,workaround_stated
Skylake-SP,SKX43,Intel,No Fix,workaround_stated
Skylake-SP,SKX44,Intel,No Fix,none_stated
Skylake-SP,SKX45,Intel,No Fix,none_with_guidance
Skylake-SP,SKX46,Intel,No Fix,workaround_stated
Skylake-SP,SKX47,Intel,No Fix,none_with_guidance
Skylake-SP,SKX48,Intel,No Fix,workaround_stated
Skylake-SP,SKX49,Intel,No Fix,none_stated
Skylake-SP,SKX50,Intel,No Fix,none_stated
Skylake-SP,SKX51,Intel,No Fix,none_stated
Skylake-SP,SKX52,Intel,No Fix,none_stated
Skylake-SP,SKX53,Intel,No Fix,none_stated
Skylake-SP,SKX54,Intel,No Fix,none_stated
Skylake-SP,SKX55,Intel,No Fix,none_stated
Skylake-SP,SKX56,Intel,No Fix,workaround_stated
Skylake-SP,SKX57,Intel,No Fix,none_stated
Skylake-SP,SKX58,Intel,No Fix,none_with_guidance
Skylake-SP,SKX59,Intel,No Fix,workaround_stated
Skylake-SP,SKX60,Intel,No Fix,none_stated
Skylake-SP,SKX61,Intel,No Fix,workaround_stated
Skylake-SP,SKX62,Intel,No Fix,none_stated
Skylake-SP,SKX63,Intel,No Fix,none_stated
Skylake-SP,SKX64,Intel,No Fix,none_stated
Skylake-SP,SKX65,Intel,No Fix,workaround_stated
Skylake-SP,SKX66,Intel,No Fix,none_stated
Skylake-SP,SKX67,Intel,No Fix,workaround_stated
Skylake-SP,SKX68,Intel,No Fix,workaround_stated
Skylake-SP,SKX69,Intel,No Fix,none_stated
Skylake-SP,SKX70,Intel,No Fix,workaround_stated
Skylake-SP,SKX71,Intel,No Fix,workaround_stated
Skylake-SP,SKX72,Intel,No Fix,workaround_stated
Skylake-SP,SKX73,Intel,No Fix,none_stated
Skylake-SP,SKX74,Intel,No Fix,workaround_stated
Skylake-SP,SKX75,Intel,No Fix,workaround_stated
Skylake-SP,SKX76,Intel,No Fix,workaround_stated
Skylake-SP,SKX77,Intel,No Fix,none_stated
Skylake-SP,SKX78,Intel,No Fix,none_stated
Skylake-SP,SKX79,Intel,No Fix,workaround_stated
Skylake-SP,SKX80,Intel,No Fix,none_stated
Skylake-SP,SKX81,Intel,No Fix,none_stated
Skylake-SP,SKX82,Intel,No Fix,none_stated
Skylake-SP,SKX83,Intel,No Fix,workaround_stated
Skylake-SP,SKX84,Intel,No Fix,workaround_stated
Skylake-SP,SKX85,Intel,No Fix,none_with_guidance
Skylake-SP,SKX86,Intel,No Fix,none_with_guidance
Skylake-SP,SKX87,Intel,No Fix,none_with_guidance
Skylake-SP,SKX88,Intel,No Fix,workaround_stated
Skylake-SP,SKX89,Intel,No Fix,none_stated
Skylake-SP,SKX90,Intel,No Fix,workaround_stated
Skylake-SP,SKX91,Intel,No Fix,workaround_stated
Skylake-SP,SKX92,Intel,No Fix,workaround_stated
Skylake-SP,SKX93,Intel,No Fix,workaround_stated
Skylake-SP,SKX94,Intel,No Fix,none_with_guidance
Skylake-SP,SKX95,Intel,No Fix,none_stated
Skylake-SP,SKX96,Intel,No Fix,none_stated
Skylake-SP,SKX97,Intel,No Fix,none_with_guidance
Skylake-SP,SKX98,Intel,No Fix,none_with_guidance
Skylake-SP,SKX99,Intel,No Fix,workaround_stated
Skylake-SP,SKX100,Intel,No Fix,none_stated
Skylake-SP,SKX101,Intel,No Fix,workaround_stated
Skylake-SP,SKX102,Intel,No Fix,workaround_stated
Skylake-SP,SKX103,Intel,No Fix,workaround_stated
Skylake-SP,SKX104,Intel,No Fix,workaround_stated
Skylake-SP,SKX105,Intel,No Fix,workaround_stated
Skylake-SP,SKX106,Intel,No Fix,workaround_stated
Skylake-SP,SKX107,Intel,No Fix,none_stated
Skylake-SP,SKX108,Intel,No Fix,workaround_stated
Skylake-SP,SKX109,Intel,No Fix,none_stated
Skylake-SP,SKX110,Intel,No Fix,workaround_stated
Skylake-SP,SKX111,Intel,No Fix,none_stated
Skylake-SP,SKX112,Intel,No Fix,workaround_stated
Skylake-SP,SKX113,Intel,No Fix,none_stated
Skylake-SP,SKX114,Intel,No Fix,none_stated
Skylake-SP,SKX115,Intel,No Fix,none_stated
Skylake-SP,SKX116,Intel,No Fix,workaround_stated
Cascade Lake,CLX1,Intel,No Fix,none_stated
Cascade Lake,CLX2,Intel,No Fix,none_stated
Cascade Lake,CLX3,Intel,No Fix,none_stated
Cascade Lake,CLX4,Intel,No Fix,workaround_stated
Cascade Lake,CLX5,Intel,No Fix,workaround_stated
Cascade Lake,CLX6,Intel,No Fix,none_stated
Cascade Lake,CLX7,Intel,No Fix,none_stated
Cascade Lake,CLX8,Intel,No Fix,none_stated
Cascade Lake,CLX9,Intel,No Fix,none_stated
Cascade Lake,CLX10,Intel,No Fix,none_stated
Cascade Lake,CLX11,Intel,No Fix,none_stated
Cascade Lake,CLX12,Intel,No Fix,workaround_stated
Cascade Lake,CLX13,Intel,No Fix,none_with_guidance
Cascade Lake,CLX14,Intel,No Fix,none_with_guidance
Cascade Lake,CLX15,Intel,No Fix,none_stated
Cascade Lake,CLX16,Intel,No Fix,workaround_stated
Cascade Lake,CLX17,Intel,No Fix,workaround_stated
Cascade Lake,CLX18,Intel,No Fix,workaround_stated
Cascade Lake,CLX19,Intel,No Fix,workaround_stated
Cascade Lake,CLX20,Intel,No Fix,none_stated
Cascade Lake,CLX21,Intel,No Fix,none_with_guidance
Cascade Lake,CLX22,Intel,No Fix,workaround_stated
Cascade Lake,CLX23,Intel,No Fix,none_stated
Cascade Lake,CLX24,Intel,No Fix,none_stated
Cascade Lake,CLX25,Intel,No Fix,none_with_guidance
Cascade Lake,CLX26,Intel,No Fix,none_with_guidance
Cascade Lake,CLX27,Intel,No Fix,workaround_stated
Cascade Lake,CLX28,Intel,No Fix,none_stated
Cascade Lake,CLX29,Intel,No Fix,workaround_stated
Cascade Lake,CLX30,Intel,No Fix,none_stated
Cascade Lake,CLX31,Intel,No Fix,workaround_stated
Cascade Lake,CLX32,Intel,No Fix,workaround_stated
Cascade Lake,CLX33,Intel,No Fix,workaround_stated
Cascade Lake,CLX34,Intel,No Fix,workaround_stated
Cascade Lake,CLX35,Intel,No Fix,workaround_stated
Cascade Lake,CLX36,Intel,No Fix,workaround_stated
Cascade Lake,CLX37,Intel,No Fix,workaround_stated
Cascade Lake,CLX38,Intel,No Fix,workaround_stated
Cascade Lake,CLX39,Intel,No Fix,workaround_stated
Cascade Lake,CLX40,Intel,No Fix,none_stated
Cascade Lake,CLX41,Intel,No Fix,workaround_stated
Cascade Lake,CLX42,Intel,No Fix,none_with_guidance
Cascade Lake,CLX43,Intel,No Fix,workaround_stated
Cascade Lake,CLX44,Intel,No Fix,none_stated
Cascade Lake,CLX45,Intel,No Fix,none_stated
Cascade Lake,CLX46,Intel,No Fix,workaround_stated
Cascade Lake,CLX47,Intel,No Fix,none_stated
Cascade Lake,CLX48,Intel,No Fix,workaround_stated
Cascade Lake,CLX49,Intel,No Fix,none_stated
Cascade Lake,CLX50,Intel,No Fix,none_stated
Cascade Lake,CLX51,Intel,No Fix,none_stated
Cascade Lake,CLX52,Intel,Fixed,workaround_stated
Cascade Lake,CLX53,Intel,Fixed,workaround_stated
Cascade Lake,CLX54,Intel,Fixed,workaround_stated
Cascade Lake,CLX55,Intel,No Fix,workaround_stated
Cascade Lake,CLX56,Intel,Fixed,workaround_stated
Cascade Lake,CLX57,Intel,Fixed,workaround_stated
Cascade Lake,CLX58,Intel,Fixed,workaround_stated
Cascade Lake,CLX59,Intel,No Fix,none_with_guidance
Cascade Lake,CLX60,Intel,No Fix,none_stated
Cascade Lake,CLX61,Intel,No Fix,workaround_stated
Cascade Lake,CLX62,Intel,No Fix,workaround_stated
Cascade Lake,CLX63,Intel,No Fix,workaround_stated
Cascade Lake,CLX64,Intel,No Fix,none_stated
Cascade Lake,CLX65,Intel,No Fix,none_stated
Cascade Lake,CLX66,Intel,No Fix,workaround_stated
Cascade Lake,CLX67,Intel,No Fix,none_stated
Cascade Lake,CLX68,Intel,No Fix,workaround_stated
Cascade Lake,CLX69,Intel,No Fix,none_stated
Cascade Lake,CLX70,Intel,No Fix,none_stated
Cascade Lake,CLX71,Intel,No Fix,none_stated
Cascade Lake,CLX72,Intel,No Fix,workaround_stated
Cascade Lake,CLX73,Intel,No Fix,none_with_guidance
Cascade Lake,CLX74,Intel,No Fix,none_with_guidance
Cascade Lake,CLX75,Intel,No Fix,workaround_stated
Ice Lake-SP,ICX1,Intel,No Fix,none_stated
Ice Lake-SP,ICX2,Intel,No Fix,none_stated
Ice Lake-SP,ICX3,Intel,No Fix,workaround_stated
Ice Lake-SP,ICX4,Intel,No Fix,none_stated
Ice Lake-SP,ICX5,Intel,No Fix,none_stated
Ice Lake-SP,ICX6,Intel,No Fix,workaround_stated
Ice Lake-SP,ICX7,Intel,No Fix,none_stated
Ice Lake-SP,ICX8,Intel,No Fix,workaround_stated
Ice Lake-SP,ICX9,Intel,No Fix,none_stated
Ice Lake-SP,ICX10,Intel,No Fix,none_stated
Ice Lake-SP,ICX11,Intel,No Fix,workaround_stated
Ice Lake-SP,ICX12,Intel,No Fix,workaround_stated
Ice Lake-SP,ICX13,Intel,No Fix,none_stated
Ice Lake-SP,ICX14,Intel,No Fix,none_stated
Ice Lake-SP,ICX15,Intel,No Fix,none_stated
Ice Lake-SP,ICX16,Intel,No Fix,none_with_guidance
Ice Lake-SP,ICX17,Intel,No Fix,none_stated
Ice Lake-SP,ICX18,Intel,No Fix,workaround_stated
Ice Lake-SP,ICX19,Intel,No Fix,none_stated
Ice Lake-SP,ICX20,Intel,No Fix,none_stated
Ice Lake-SP,ICX21,Intel,No Fix,none_stated
Ice Lake-SP,ICX22,Intel,No Fix,none_stated
Ice Lake-SP,ICX23,Intel,No Fix,none_stated
Ice Lake-SP,ICX24,Intel,No Fix,workaround_stated
Ice Lake-SP,ICX25,Intel,No Fix,none_stated
Ice Lake-SP,ICX26,Intel,No Fix,workaround_stated
Ice Lake-SP,ICX27,Intel,No Fix,workaround_stated
Ice Lake-SP,ICX28,Intel,No Fix,none_stated
Ice Lake-SP,ICX29,Intel,No Fix,none_stated
Ice Lake-SP,ICX30,Intel,No Fix,none_stated
Ice Lake-SP,ICX31,Intel,No Fix,workaround_stated
Ice Lake-SP,ICX32,Intel,No Fix,workaround_stated
Ice Lake-SP,ICX33,Intel,No Fix,none_stated
Ice Lake-SP,ICX34,Intel,No Fix,none_stated
Ice Lake-SP,ICX35,Intel,No Fix,none_stated
Ice Lake-SP,ICX36,Intel,No Fix,workaround_stated
Ice Lake-SP,ICX37,Intel,No Fix,none_stated
Ice Lake-SP,ICX38,Intel,No Fix,none_stated
Ice Lake-SP,ICX39,Intel,No Fix,workaround_stated
Ice Lake-SP,ICX40,Intel,No Fix,none_stated
Ice Lake-SP,ICX41,Intel,No Fix,workaround_stated
Ice Lake-SP,ICX42,Intel,No Fix,workaround_stated
Ice Lake-SP,ICX43,Intel,No Fix,none_with_guidance
Ice Lake-SP,ICX44,Intel,No Fix,workaround_stated
Ice Lake-SP,ICX45,Intel,No Fix,workaround_stated
Ice Lake-SP,ICX46,Intel,No Fix,workaround_stated
Ice Lake-SP,ICX47,Intel,No Fix,none_stated
Ice Lake-SP,ICX48,Intel,No Fix,workaround_stated
Ice Lake-SP,ICX49,Intel,No Fix,none_stated
Ice Lake-SP,ICX50,Intel,No Fix,none_stated
Ice Lake-SP,ICX51,Intel,No Fix,none_stated
Ice Lake-SP,ICX53,Intel,No Fix,none_stated
Ice Lake-SP,ICX54,Intel,No Fix,workaround_stated
Ice Lake-SP,ICX55,Intel,No Fix,none_with_guidance
Ice Lake-SP,ICX56,Intel,No Fix,none_stated
Ice Lake-SP,ICX57,Intel,No Fix,none_stated
Ice Lake-SP,ICX58,Intel,No Fix,workaround_stated
Ice Lake-SP,ICX59,Intel,No Fix,workaround_stated
Ice Lake-SP,ICX60,Intel,No Fix,none_stated
Ice Lake-SP,ICX61,Intel,No Fix,workaround_stated
Ice Lake-SP,ICX62,Intel,No Fix,none_stated
Ice Lake-SP,ICX63,Intel,No Fix,none_stated
Ice Lake-SP,ICX64,Intel,No Fix,none_with_guidance
Ice Lake-SP,ICX65,Intel,No Fix,workaround_stated
Ice Lake-SP,ICX66,Intel,No Fix,none_stated
Ice Lake-SP,ICX67,Intel,No Fix,workaround_stated
Ice Lake-SP,ICX68,Intel,No Fix,none_stated
Ice Lake-SP,ICX69,Intel,No Fix,workaround_stated
Ice Lake-SP,ICX70,Intel,No Fix,workaround_stated
Ice Lake-SP,ICX71,Intel,No Fix,none_with_guidance
Ice Lake-SP,ICX72,Intel,No Fix,none_stated
Ice Lake-SP,ICX73,Intel,No Fix,none_stated
Ice Lake-SP,ICX74,Intel,No Fix,none_with_guidance
Ice Lake-SP,ICX75,Intel,No Fix,workaround_stated
Ice Lake-SP,ICX76,Intel,No Fix,workaround_stated
Ice Lake-SP,ICX77,Intel,No Fix,none_stated
Ice Lake-SP,ICX78,Intel,No Fix,none_stated
Ice Lake-SP,ICX79,Intel,No Fix,none_stated
Ice Lake-SP,ICX80,Intel,No Fix,workaround_stated
Ice Lake-SP,ICX81,Intel,No Fix,workaround_stated
Ice Lake-SP,ICX82,Intel,No Fix,none_stated
Ice Lake-SP,ICX83,Intel,No Fix,none_with_guidance
Ice Lake-SP,ICX84,Intel,No Fix,workaround_stated
Ice Lake-SP,ICX85,Intel,No Fix,workaround_stated
Ice Lake-SP,ICX86,Intel,No Fix,none_stated
Ice Lake-SP,ICX87,Intel,No Fix,none_stated
Ice Lake-SP,ICX88,Intel,No Fix,none_with_guidance
Ice Lake-SP,ICX89,Intel,No Fix,none_with_guidance
Ice Lake-SP,ICX90,Intel,No Fix,workaround_stated
Ice Lake-SP,ICX91,Intel,No Fix,workaround_stated
Ice Lake-SP,ICX92,Intel,No Fix,workaround_stated
Ice Lake-SP,ICX93,Intel,No Fix,workaround_stated
Ice Lake-SP,ICX94,Intel,No Fix,workaround_stated
Ice Lake-SP,ICX95,Intel,No Fix,workaround_stated
Ice Lake-SP,ICX96,Intel,No Fix,none_with_guidance
Ice Lake-SP,ICX97,Intel,No Fix,workaround_stated
Ice Lake-SP,ICX98,Intel,No Fix,none_stated
Ice Lake-SP,ICX99,Intel,No Fix,workaround_stated
Ice Lake-SP,ICX100,Intel,No Fix,none_stated
Ice Lake-SP,ICX101,Intel,No Fix,workaround_stated
Ice Lake-SP,ICX102,Intel,No Fix,workaround_stated
Ice Lake-SP,ICX103,Intel,No Fix,none_stated
Ice Lake-SP,ICX104,Intel,No Fix,workaround_stated
Ice Lake-SP,ICX105,Intel,No Fix,workaround_stated
Ice Lake-SP,ICX106,Intel,No Fix,workaround_stated
Ice Lake-SP,ICX107,Intel,No Fix,workaround_stated
Ice Lake-SP,ICX108,Intel,No Fix,none_with_guidance
Ice Lake-SP,ICX109,Intel,No Fix,none_stated
Ice Lake-SP,ICX110,Intel,No Fix,none_stated
Ice Lake-SP,ICX111,Intel,No Fix,none_with_guidance
Ice Lake-SP,ICX112,Intel,No Fix,workaround_stated
Ice Lake-SP,ICX113,Intel,No Fix,workaround_stated
Ice Lake-SP,ICX114,Intel,No Fix,workaround_stated
Ice Lake-SP,ICX115,Intel,No Fix,none_stated
Ice Lake-SP,ICX116,Intel,No Fix,workaround_stated
Ice Lake-SP,ICX117,Intel,No Fix,none_stated
Ice Lake-SP,ICX118,Intel,No Fix,workaround_stated
Ice Lake-SP,ICX119,Intel,No Fix,workaround_stated
Ice Lake-SP,ICX120,Intel,No Fix,workaround_stated
Ice Lake-SP,ICX122,Intel,No Fix,none_stated
Ice Lake-SP,ICX123,Intel,No Fix,workaround_stated
Ice Lake-SP,ICX124,Intel,No Fix,none_stated
Ice Lake-SP,ICX125,Intel,No Fix,workaround_stated
Ice Lake-SP,ICX126,Intel,No Fix,workaround_stated
Ice Lake-SP,ICX127,Intel,No Fix,workaround_stated
Ice Lake-SP,ICX128,Intel,No Fix,workaround_stated
Ice Lake-SP,ICX129,Intel,No Fix,none_with_guidance
Ice Lake-SP,ICX130,Intel,No Fix,none_stated
Ice Lake-SP,ICX131,Intel,No Fix,workaround_stated
Ice Lake-SP,ICX133,Intel,No Fix,workaround_stated
Ice Lake-SP,ICX135,Intel,No Fix,none_stated
Ice Lake-SP,ICX136,Intel,No Fix,none_stated
Ice Lake-SP,ICX137,Intel,No Fix,workaround_stated
Ice Lake-SP,ICX138,Intel,No Fix,workaround_stated
Ice Lake-SP,ICX139,Intel,No Fix,workaround_stated
Ice Lake-SP,ICX140,Intel,No Fix,none_stated
Ice Lake-SP,ICX141,Intel,No Fix,none_with_guidance
Ice Lake-SP,ICX142,Intel,No Fix,workaround_stated
Ice Lake-SP,ICX143,Intel,No Fix,none_stated
Ice Lake-SP,ICX144,Intel,No Fix,workaround_stated
Ice Lake-SP,ICX145,Intel,No Fix,workaround_stated
Ice Lake-SP,ICX146,Intel,No Fix,workaround_stated
Ice Lake-SP,ICX147,Intel,No Fix,workaround_stated
Ice Lake-SP,ICX148,Intel,No Fix,workaround_stated
Ice Lake-SP,ICX149,Intel,No Fix,none_stated
Ice Lake-SP,ICX150,Intel,No Fix,workaround_stated
Ice Lake-SP,ICX151,Intel,No Fix,workaround_stated
Ice Lake-SP,ICX152,Intel,No Fix,workaround_stated
Ice Lake-SP,ICX153,Intel,No Fix,none_with_guidance
Ice Lake-SP,ICX154,Intel,No Fix,none_with_guidance
Ice Lake-SP,ICX155,Intel,No Fix,none_stated
Ice Lake-SP,ICX156,Intel,No Fix,none_stated
Ice Lake-SP,ICX157,Intel,No Fix,none_stated
Ice Lake-SP,ICX158,Intel,No Fix,workaround_stated
Ice Lake-SP,ICX159,Intel,No Fix,none_stated
Ice Lake-SP,ICX160,Intel,No Fix,none_with_guidance
Ice Lake-SP,ICX161,Intel,No Fix,workaround_stated
Ice Lake-SP,ICX162,Intel,No Fix,workaround_stated
Ice Lake-SP,ICX163,Intel,No Fix,none_stated
Ice Lake-SP,ICX164,Intel,No Fix,workaround_stated
Ice Lake-SP,ICX165,Intel,No Fix,none_stated
Ice Lake-SP,ICX166,Intel,No Fix,none_stated
Ice Lake-SP,ICX167,Intel,No Fix,workaround_stated
Ice Lake-SP,ICX168,Intel,No Fix,workaround_stated
Ice Lake-SP,ICX169,Intel,No Fix,none_stated
Ice Lake-SP,ICX170,Intel,No Fix,workaround_stated
Ice Lake-SP,ICX171,Intel,No Fix,none_stated
Ice Lake-SP,ICX172,Intel,No Fix,none_stated
Ice Lake-SP,ICX173,Intel,No Fix,none_with_guidance
Ice Lake-SP,ICX174,Intel,No Fix,workaround_stated
Ice Lake-SP,ICX175,Intel,No Fix,none_with_guidance
Ice Lake-SP,ICX176,Intel,No Fix,none_with_guidance
Ice Lake-SP,ICX177,Intel,No Fix,workaround_stated
Sapphire Rapids,SPR1,Intel,No Fix,none_stated
Sapphire Rapids,SPR2,Intel,No Fix,none_stated
Sapphire Rapids,SPR3,Intel,No Fix,none_stated
Sapphire Rapids,SPR4,Intel,No Fix,none_with_guidance
Sapphire Rapids,SPR5,Intel,No Fix,workaround_stated
Sapphire Rapids,SPR6,Intel,No Fix,none_with_guidance
Sapphire Rapids,SPR7,Intel,No Fix,none_with_guidance
Sapphire Rapids,SPR8,Intel,No Fix,none_stated
Sapphire Rapids,SPR9,Intel,No Fix,none_with_guidance
Sapphire Rapids,SPR10,Intel,No Fix,none_with_guidance
Sapphire Rapids,SPR11,Intel,No Fix,none_with_guidance
Sapphire Rapids,SPR12,Intel,No Fix,none_stated
Sapphire Rapids,SPR13,Intel,No Fix,none_stated
Sapphire Rapids,SPR14,Intel,No Fix,none_with_guidance
Sapphire Rapids,SPR15,Intel,No Fix,none_with_guidance
Sapphire Rapids,SPR16,Intel,No Fix,none_with_guidance
Sapphire Rapids,SPR17,Intel,No Fix,none_with_guidance
Sapphire Rapids,SPR18,Intel,No Fix,none_stated
Sapphire Rapids,SPR19,Intel,No Fix,none_stated
Sapphire Rapids,SPR20,Intel,No Fix,none_stated
Sapphire Rapids,SPR21,Intel,No Fix,none_stated
Sapphire Rapids,SPR22,Intel,No Fix,none_stated
Sapphire Rapids,SPR23,Intel,No Fix,none_with_guidance
Sapphire Rapids,SPR24,Intel,No Fix,none_with_guidance
Sapphire Rapids,SPR25,Intel,No Fix,none_with_guidance
Sapphire Rapids,SPR26,Intel,No Fix,none_stated
Sapphire Rapids,SPR27,Intel,No Fix,none_stated
Sapphire Rapids,SPR28,Intel,No Fix,none_with_guidance
Sapphire Rapids,SPR29,Intel,No Fix,none_with_guidance
Sapphire Rapids,SPR30,Intel,No Fix,none_stated
Sapphire Rapids,SPR31,Intel,No Fix,none_with_guidance
Sapphire Rapids,SPR32,Intel,No Fix,none_stated
Sapphire Rapids,SPR33,Intel,No Fix,none_with_guidance
Sapphire Rapids,SPR34,Intel,No Fix,none_stated
Sapphire Rapids,SPR35,Intel,No Fix,none_with_guidance
Sapphire Rapids,SPR36,Intel,No Fix,none_with_guidance
Sapphire Rapids,SPR37,Intel,No Fix,none_with_guidance
Sapphire Rapids,SPR38,Intel,No Fix,none_with_guidance
Sapphire Rapids,SPR39,Intel,No Fix,none_with_guidance
Sapphire Rapids,SPR40,Intel,No Fix,none_stated
Sapphire Rapids,SPR41,Intel,No Fix,none_with_guidance
Sapphire Rapids,SPR42,Intel,No Fix,none_stated
Sapphire Rapids,SPR43,Intel,No Fix,workaround_stated
Sapphire Rapids,SPR44,Intel,Fixed,workaround_stated
Sapphire Rapids,SPR45,Intel,No Fix,none_stated
Sapphire Rapids,SPR46,Intel,No Fix,none_with_guidance
Sapphire Rapids,SPR47,Intel,No Fix,none_stated
Sapphire Rapids,SPR48,Intel,No Fix,none_stated
Sapphire Rapids,SPR49,Intel,No Fix,none_stated
Sapphire Rapids,SPR50,Intel,No Fix,none_stated
Sapphire Rapids,SPR51,Intel,No Fix,none_stated
Sapphire Rapids,SPR52,Intel,No Fix,none_stated
Sapphire Rapids,SPR53,Intel,No Fix,none_with_guidance
Sapphire Rapids,SPR54,Intel,No Fix,none_with_guidance
Sapphire Rapids,SPR55,Intel,No Fix,none_stated
Sapphire Rapids,SPR56,Intel,No Fix,none_stated
Sapphire Rapids,SPR57,Intel,No Fix,none_with_guidance
Sapphire Rapids,SPR58,Intel,No Fix,none_stated
Sapphire Rapids,SPR59,Intel,No Fix,none_stated
Sapphire Rapids,SPR60,Intel,No Fix,none_stated
Sapphire Rapids,SPR61,Intel,No Fix,none_with_guidance
Sapphire Rapids,SPR62,Intel,No Fix,none_stated
Sapphire Rapids,SPR63,Intel,No Fix,none_stated
Sapphire Rapids,SPR64,Intel,No Fix,none_stated
Sapphire Rapids,SPR65,Intel,No Fix,none_stated
Sapphire Rapids,SPR66,Intel,Fixed,workaround_stated
Sapphire Rapids,SPR67,Intel,No Fix,none_with_guidance
Sapphire Rapids,SPR68,Intel,No Fix,none_with_guidance
Sapphire Rapids,SPR69,Intel,No Fix,none_with_guidance
Sapphire Rapids,SPR70,Intel,No Fix,none_with_guidance
Sapphire Rapids,SPR71,Intel,No Fix,none_stated
Sapphire Rapids,SPR72,Intel,No Fix,none_with_guidance
Sapphire Rapids,SPR73,Intel,No Fix,none_with_guidance
Sapphire Rapids,SPR74,Intel,No Fix,none_with_guidance
Sapphire Rapids,SPR75,Intel,No Fix,none_with_guidance
Sapphire Rapids,SPR76,Intel,No Fix,none_with_guidance
Sapphire Rapids,SPR77,Intel,No Fix,none_with_guidance
Sapphire Rapids,SPR78,Intel,No Fix,none_stated
Sapphire Rapids,SPR79,Intel,No Fix,none_with_guidance
Sapphire Rapids,SPR80,Intel,No Fix,workaround_stated
Sapphire Rapids,SPR81,Intel,No Fix,workaround_stated
Sapphire Rapids,SPR82,Intel,Fixed,workaround_stated
Sapphire Rapids,SPR83,Intel,No Fix,none_stated
Sapphire Rapids,SPR84,Intel,No Fix,none_with_guidance
Sapphire Rapids,SPR85,Intel,No Fix,none_stated
Sapphire Rapids,SPR86,Intel,No Fix,none_stated
Sapphire Rapids,SPR87,Intel,No Fix,none_with_guidance
Sapphire Rapids,SPR88,Intel,No Fix,none_stated
Sapphire Rapids,SPR89,Intel,No Fix,none_stated
Sapphire Rapids,SPR90,Intel,No Fix,none_stated
Sapphire Rapids,SPR91,Intel,No Fix,none_with_guidance
Sapphire Rapids,SPR92,Intel,No Fix,none_stated
Sapphire Rapids,SPR93,Intel,No Fix,none_stated
Sapphire Rapids,SPR94,Intel,No Fix,none_stated
Sapphire Rapids,SPR95,Intel,No Fix,none_stated
Sapphire Rapids,SPR96,Intel,No Fix,none_with_guidance
Sapphire Rapids,SPR97,Intel,No Fix,none_with_guidance
Sapphire Rapids,SPR98,Intel,No Fix,none_with_guidance
Sapphire Rapids,SPR99,Intel,No Fix,none_with_guidance
Sapphire Rapids,SPR100,Intel,No Fix,none_stated
Sapphire Rapids,SPR101,Intel,No Fix,none_stated
Sapphire Rapids,SPR102,Intel,No Fix,none_with_guidance
Sapphire Rapids,SPR103,Intel,No Fix,none_stated
Sapphire Rapids,SPR104,Intel,No Fix,none_stated
Sapphire Rapids,SPR105,Intel,No Fix,none_with_guidance
Sapphire Rapids,SPR106,Intel,No Fix,workaround_stated
Sapphire Rapids,SPR107,Intel,No Fix,none_stated
Sapphire Rapids,SPR108,Intel,No Fix,none_stated
Sapphire Rapids,SPR109,Intel,No Fix,none_stated
Sapphire Rapids,SPR110,Intel,No Fix,none_stated
Sapphire Rapids,SPR111,Intel,No Fix,none_with_guidance
Sapphire Rapids,SPR112,Intel,Fixed,workaround_stated
Sapphire Rapids,SPR113,Intel,No Fix,workaround_stated
Sapphire Rapids,SPR114,Intel,No Fix,none_stated
Sapphire Rapids,SPR115,Intel,No Fix,none_stated
Sapphire Rapids,SPR116,Intel,No Fix,none_with_guidance
Sapphire Rapids,SPR117,Intel,No Fix,none_with_guidance
Sapphire Rapids,SPR118,Intel,No Fix,none_with_guidance
Sapphire Rapids,SPR119,Intel,Fixed,workaround_stated
Sapphire Rapids,SPR120,Intel,No Fix,workaround_stated
Sapphire Rapids,SPR121,Intel,No Fix,none_with_guidance
Sapphire Rapids,SPR122,Intel,Fixed,workaround_stated
Sapphire Rapids,SPR123,Intel,No Fix,none_stated
Sapphire Rapids,SPR124,Intel,Fixed,workaround_stated
Sapphire Rapids,SPR125,Intel,No Fix,workaround_stated
Sapphire Rapids,SPR126,Intel,No Fix,none_with_guidance
Sapphire Rapids,SPR127,Intel,No Fix,none_stated
Sapphire Rapids,SPR128,Intel,No Fix,none_stated
Sapphire Rapids,SPR129,Intel,No Fix,none_stated
Sapphire Rapids,SPR130,Intel,No Fix,workaround_stated
Sapphire Rapids,SPR131,Intel,No Fix,none_with_guidance
Sapphire Rapids,SPR132,Intel,No Fix,none_with_guidance
Sapphire Rapids,SPR133,Intel,No Fix,none_with_guidance
Sapphire Rapids,SPR134,Intel,No Fix,none_stated
Sapphire Rapids,SPR135,Intel,No Fix,none_with_guidance
Sapphire Rapids,SPR136,Intel,Fixed,workaround_stated
Sapphire Rapids,SPR137,Intel,No Fix,none_stated
Sapphire Rapids,SPR138,Intel,Fixed,workaround_stated
Sapphire Rapids,SPR139,Intel,Fixed,workaround_stated
Sapphire Rapids,SPR140,Intel,No Fix,workaround_stated
Sapphire Rapids,SPR141,Intel,Fixed,workaround_stated
Sapphire Rapids,SPR142,Intel,Fixed,workaround_stated
Sapphire Rapids,SPR143,Intel,No Fix,none_stated
Sapphire Rapids,SPR144,Intel,No Fix,none_with_guidance
Sapphire Rapids,SPR145,Intel,Fixed,workaround_stated
Sapphire Rapids,SPR146,Intel,No Fix,none_stated
Sapphire Rapids,SPR147,Intel,Fixed,workaround_stated
Sapphire Rapids,SPR148,Intel,No Fix,none_stated
Sapphire Rapids,SPR149,Intel,Fixed,workaround_stated
Sapphire Rapids,SPR150,Intel,No Fix,none_with_guidance
Sapphire Rapids,SPR151,Intel,Fixed,workaround_stated
Sapphire Rapids,SPR152,Intel,Fixed,workaround_stated
Sapphire Rapids,SPR153,Intel,No Fix,none_with_guidance
Sapphire Rapids,SPR154,Intel,Fixed,workaround_stated
Sapphire Rapids,SPR155,Intel,Fixed,workaround_stated
Sapphire Rapids,SPR156,Intel,No Fix,none_with_guidance
Sapphire Rapids,SPR157,Intel,No Fix,none_with_guidance
Sapphire Rapids,SPR158,Intel,No Fix,none_with_guidance
Sapphire Rapids,SPR159,Intel,No Fix,none_stated
Sapphire Rapids,SPR160,Intel,No Fix,none_stated
Sapphire Rapids,SPR161,Intel,No Fix,none_stated
Sapphire Rapids,SPR162,Intel,Fixed,workaround_stated
Sapphire Rapids,SPR163,Intel,No Fix,workaround_stated
Sapphire Rapids,SPR164,Intel,No Fix,none_stated
Sapphire Rapids,SPR165,Intel,No Fix,none_stated
Emerald Rapids,EMR1,Intel,No Fix,none_stated
Emerald Rapids,EMR2,Intel,No Fix,none_stated
Emerald Rapids,EMR3,Intel,No Fix,none_stated
Emerald Rapids,EMR4,Intel,No Fix,none_with_guidance
Emerald Rapids,EMR5,Intel,No Fix,workaround_stated
Emerald Rapids,EMR6,Intel,No Fix,none_with_guidance
Emerald Rapids,EMR7,Intel,No Fix,none_with_guidance
Emerald Rapids,EMR8,Intel,No Fix,none_stated
Emerald Rapids,EMR9,Intel,No Fix,none_with_guidance
Emerald Rapids,EMR10,Intel,No Fix,none_with_guidance
Emerald Rapids,EMR11,Intel,No Fix,none_with_guidance
Emerald Rapids,EMR12,Intel,No Fix,none_stated
Emerald Rapids,EMR13,Intel,No Fix,none_stated
Emerald Rapids,EMR14,Intel,No Fix,none_with_guidance
Emerald Rapids,EMR15,Intel,No Fix,none_stated
Emerald Rapids,EMR16,Intel,No Fix,none_with_guidance
Emerald Rapids,EMR17,Intel,No Fix,none_with_guidance
Emerald Rapids,EMR18,Intel,No Fix,none_stated
Emerald Rapids,EMR19,Intel,No Fix,none_stated
Emerald Rapids,EMR20,Intel,No Fix,none_stated
Emerald Rapids,EMR22,Intel,No Fix,none_stated
Emerald Rapids,EMR23,Intel,No Fix,none_with_guidance
Emerald Rapids,EMR24,Intel,No Fix,none_with_guidance
Emerald Rapids,EMR25,Intel,No Fix,none_with_guidance
Emerald Rapids,EMR26,Intel,No Fix,none_stated
Emerald Rapids,EMR27,Intel,No Fix,none_stated
Emerald Rapids,EMR28,Intel,No Fix,none_with_guidance
Emerald Rapids,EMR29,Intel,No Fix,none_with_guidance
Emerald Rapids,EMR30,Intel,No Fix,none_with_guidance
Emerald Rapids,EMR31,Intel,No Fix,none_stated
Emerald Rapids,EMR32,Intel,No Fix,none_stated
Emerald Rapids,EMR33,Intel,No Fix,none_with_guidance
Emerald Rapids,EMR34,Intel,No Fix,none_stated
Emerald Rapids,EMR35,Intel,No Fix,none_with_guidance
Emerald Rapids,EMR36,Intel,No Fix,none_with_guidance
Emerald Rapids,EMR37,Intel,No Fix,none_with_guidance
Emerald Rapids,EMR38,Intel,No Fix,none_with_guidance
Emerald Rapids,EMR39,Intel,No Fix,none_with_guidance
Emerald Rapids,EMR40,Intel,No Fix,none_stated
Emerald Rapids,EMR41,Intel,No Fix,none_with_guidance
Emerald Rapids,EMR42,Intel,No Fix,none_stated
Emerald Rapids,EMR43,Intel,No Fix,workaround_stated
Emerald Rapids,EMR44,Intel,No Fix,none_stated
Emerald Rapids,EMR45,Intel,No Fix,none_with_guidance
Emerald Rapids,EMR46,Intel,No Fix,none_stated
Emerald Rapids,EMR47,Intel,No Fix,none_stated
Emerald Rapids,EMR48,Intel,No Fix,none_with_guidance
Emerald Rapids,EMR49,Intel,No Fix,none_stated
Emerald Rapids,EMR50,Intel,No Fix,none_stated
Emerald Rapids,EMR51,Intel,No Fix,none_stated
Emerald Rapids,EMR52,Intel,No Fix,none_with_guidance
Emerald Rapids,EMR53,Intel,No Fix,none_with_guidance
Emerald Rapids,EMR54,Intel,No Fix,none_stated
Emerald Rapids,EMR55,Intel,No Fix,none_stated
Emerald Rapids,EMR56,Intel,No Fix,none_stated
Emerald Rapids,EMR57,Intel,No Fix,none_stated
Emerald Rapids,EMR58,Intel,No Fix,none_stated
Emerald Rapids,EMR59,Intel,No Fix,none_stated
Emerald Rapids,EMR60,Intel,No Fix,none_with_guidance
Emerald Rapids,EMR61,Intel,No Fix,none_stated
Emerald Rapids,EMR62,Intel,No Fix,none_stated
Emerald Rapids,EMR63,Intel,No Fix,none_stated
Emerald Rapids,EMR64,Intel,No Fix,none_stated
Emerald Rapids,EMR65,Intel,No Fix,none_with_guidance
Emerald Rapids,EMR66,Intel,No Fix,none_with_guidance
Emerald Rapids,EMR67,Intel,No Fix,none_with_guidance
Emerald Rapids,EMR68,Intel,No Fix,none_with_guidance
Emerald Rapids,EMR69,Intel,No Fix,none_stated
Emerald Rapids,EMR70,Intel,No Fix,none_with_guidance
Emerald Rapids,EMR71,Intel,No Fix,none_with_guidance
Emerald Rapids,EMR72,Intel,No Fix,none_with_guidance
Emerald Rapids,EMR73,Intel,No Fix,none_with_guidance
Emerald Rapids,EMR74,Intel,No Fix,none_with_guidance
Emerald Rapids,EMR75,Intel,No Fix,none_with_guidance
Emerald Rapids,EMR76,Intel,No Fix,none_stated
Emerald Rapids,EMR77,Intel,No Fix,none_with_guidance
Emerald Rapids,EMR78,Intel,No Fix,workaround_stated
Emerald Rapids,EMR79,Intel,No Fix,workaround_stated
Emerald Rapids,EMR80,Intel,Fixed,workaround_stated
Emerald Rapids,EMR81,Intel,No Fix,none_stated
Emerald Rapids,EMR82,Intel,No Fix,none_with_guidance
Emerald Rapids,EMR83,Intel,No Fix,none_stated
Emerald Rapids,EMR84,Intel,No Fix,none_stated
Emerald Rapids,EMR85,Intel,No Fix,none_with_guidance
Emerald Rapids,EMR86,Intel,No Fix,none_stated
Emerald Rapids,EMR87,Intel,No Fix,none_stated
Emerald Rapids,EMR88,Intel,No Fix,none_stated
Emerald Rapids,EMR89,Intel,No Fix,none_with_guidance
Emerald Rapids,EMR90,Intel,No Fix,none_stated
Emerald Rapids,EMR91,Intel,No Fix,none_stated
Emerald Rapids,EMR92,Intel,No Fix,none_stated
Emerald Rapids,EMR93,Intel,No Fix,none_stated
Emerald Rapids,EMR94,Intel,No Fix,none_with_guidance
Emerald Rapids,EMR95,Intel,No Fix,none_with_guidance
Emerald Rapids,EMR96,Intel,No Fix,none_with_guidance
Emerald Rapids,EMR97,Intel,No Fix,none_with_guidance
Emerald Rapids,EMR98,Intel,No Fix,none_stated
Emerald Rapids,EMR99,Intel,No Fix,none_stated
Emerald Rapids,EMR100,Intel,No Fix,none_with_guidance
Emerald Rapids,EMR101,Intel,No Fix,none_stated
Emerald Rapids,EMR102,Intel,No Fix,none_stated
Emerald Rapids,EMR103,Intel,No Fix,none_with_guidance
Emerald Rapids,EMR104,Intel,No Fix,workaround_stated
Emerald Rapids,EMR105,Intel,No Fix,none_stated
Emerald Rapids,EMR106,Intel,No Fix,none_stated
Emerald Rapids,EMR107,Intel,No Fix,none_stated
Emerald Rapids,EMR108,Intel,No Fix,none_stated
Emerald Rapids,EMR109,Intel,No Fix,none_with_guidance
Emerald Rapids,EMR110,Intel,No Fix,workaround_stated
Emerald Rapids,EMR111,Intel,No Fix,none_stated
Emerald Rapids,EMR112,Intel,No Fix,none_stated
Emerald Rapids,EMR113,Intel,No Fix,none_with_guidance
Emerald Rapids,EMR114,Intel,No Fix,none_with_guidance
Emerald Rapids,EMR115,Intel,No Fix,none_with_guidance
Emerald Rapids,EMR116,Intel,No Fix,workaround_stated
Emerald Rapids,EMR117,Intel,No Fix,none_with_guidance
Emerald Rapids,EMR118,Intel,No Fix,none_with_guidance
Emerald Rapids,EMR119,Intel,No Fix,none_stated
Emerald Rapids,EMR120,Intel,No Fix,workaround_stated
Emerald Rapids,EMR121,Intel,No Fix,none_stated
Emerald Rapids,EMR122,Intel,No Fix,none_stated
Emerald Rapids,EMR123,Intel,No Fix,none_with_guidance
Emerald Rapids,EMR124,Intel,No Fix,workaround_stated
Emerald Rapids,EMR126,Intel,No Fix,none_with_guidance
Emerald Rapids,EMR127,Intel,No Fix,none_stated
Emerald Rapids,EMR128,Intel,No Fix,none_with_guidance
Emerald Rapids,EMR129,Intel,No Fix,none_stated
Emerald Rapids,EMR130,Intel,No Fix,none_with_guidance
Emerald Rapids,EMR131,Intel,No Fix,none_stated
Emerald Rapids,EMR132,Intel,No Fix,none_with_guidance
Emerald Rapids,EMR133,Intel,Fixed,workaround_stated
Emerald Rapids,EMR134,Intel,Fixed,workaround_stated
Emerald Rapids,EMR135,Intel,No Fix,none_stated
Emerald Rapids,EMR136,Intel,Fixed,workaround_stated
Emerald Rapids,EMR137,Intel,Fixed,workaround_stated
Emerald Rapids,EMR138,Intel,No Fix,none_stated
Emerald Rapids,EMR139,Intel,No Fix,none_with_guidance
Emerald Rapids,EMR140,Intel,Fixed,workaround_stated
Emerald Rapids,EMR141,Intel,No Fix,none_stated
Emerald Rapids,EMR142,Intel,Fixed,workaround_stated
Emerald Rapids,EMR143,Intel,Fixed,workaround_stated
Emerald Rapids,EMR144,Intel,No Fix,none_with_guidance
Emerald Rapids,EMR145,Intel,Fixed,workaround_stated
Emerald Rapids,EMR146,Intel,Fixed,workaround_stated
Emerald Rapids,EMR147,Intel,Fixed,workaround_stated
Emerald Rapids,EMR148,Intel,No Fix,none_with_guidance
Emerald Rapids,EMR149,Intel,No Fix,none_with_guidance
Emerald Rapids,EMR150,Intel,No Fix,none_with_guidance
Emerald Rapids,EMR151,Intel,No Fix,none_stated
Emerald Rapids,EMR152,Intel,No Fix,workaround_stated
Emerald Rapids,EMR153,Intel,No Fix,workaround_stated
Emerald Rapids,EMR154,Intel,No Fix,none_with_guidance
Emerald Rapids,EMR155,Intel,Fixed,workaround_stated
Emerald Rapids,EMR156,Intel,No Fix,none_stated
Emerald Rapids,EMR157,Intel,No Fix,none_stated
Emerald Rapids,EMR158,Intel,No Fix,workaround_stated
Emerald Rapids,EMR159,Intel,No Fix,none_stated
Emerald Rapids,EMRLCC1,Intel,No Fix,none_with_guidance
Coffee Lake,CFL001,Intel,No Fix,workaround_stated
Coffee Lake,CFL002,Intel,No Fix,workaround_stated
Coffee Lake,CFL003,Intel,No Fix,workaround_stated
Coffee Lake,CFL004,Intel,No Fix,none_stated
Coffee Lake,CFL005,Intel,No Fix,workaround_stated
Coffee Lake,CFL006,Intel,No Fix,workaround_stated
Coffee Lake,CFL007,Intel,No Fix,none_stated
Coffee Lake,CFL008,Intel,No Fix,none_stated
Coffee Lake,CFL009,Intel,No Fix,workaround_stated
Coffee Lake,CFL010,Intel,No Fix,workaround_stated
Coffee Lake,CFL011,Intel,No Fix,none_stated
Coffee Lake,CFL012,Intel,No Fix,none_with_guidance
Coffee Lake,CFL013,Intel,No Fix,none_stated
Coffee Lake,CFL014,Intel,No Fix,workaround_stated
Coffee Lake,CFL015,Intel,No Fix,workaround_stated
Coffee Lake,CFL016,Intel,No Fix,workaround_stated
Coffee Lake,CFL017,Intel,No Fix,none_stated
Coffee Lake,CFL018,Intel,No Fix,none_stated
Coffee Lake,CFL019,Intel,No Fix,workaround_stated
Coffee Lake,CFL020,Intel,No Fix,none_stated
Coffee Lake,CFL021,Intel,No Fix,workaround_stated
Coffee Lake,CFL023,Intel,No Fix,workaround_stated
Coffee Lake,CFL024,Intel,No Fix,none_stated
Coffee Lake,CFL025,Intel,No Fix,workaround_stated
Coffee Lake,CFL026,Intel,No Fix,none_stated
Coffee Lake,CFL027,Intel,No Fix,workaround_stated
Coffee Lake,CFL028,Intel,No Fix,workaround_stated
Coffee Lake,CFL029,Intel,No Fix,none_with_guidance
Coffee Lake,CFL030,Intel,No Fix,workaround_stated
Coffee Lake,CFL031,Intel,No Fix,workaround_stated
Coffee Lake,CFL033,Intel,No Fix,none_stated
Coffee Lake,CFL034,Intel,No Fix,none_stated
Coffee Lake,CFL035,Intel,No Fix,workaround_stated
Coffee Lake,CFL036,Intel,No Fix,none_stated
Coffee Lake,CFL037,Intel,No Fix,none_stated
Coffee Lake,CFL038,Intel,No Fix,workaround_stated
Coffee Lake,CFL039,Intel,No Fix,none_stated
Coffee Lake,CFL040,Intel,No Fix,workaround_stated
Coffee Lake,CFL041,Intel,No Fix,none_with_guidance
Coffee Lake,CFL042,Intel,No Fix,none_with_guidance
Coffee Lake,CFL043,Intel,No Fix,workaround_stated
Coffee Lake,CFL044,Intel,No Fix,none_stated
Coffee Lake,CFL045,Intel,No Fix,workaround_stated
Coffee Lake,CFL046,Intel,No Fix,none_stated
Coffee Lake,CFL047,Intel,No Fix,none_with_guidance
Coffee Lake,CFL048,Intel,No Fix,none_with_guidance
Coffee Lake,CFL049,Intel,No Fix,none_with_guidance
Coffee Lake,CFL050,Intel,No Fix,none_with_guidance
Coffee Lake,CFL051,Intel,No Fix,none_stated
Coffee Lake,CFL052,Intel,No Fix,workaround_stated
Coffee Lake,CFL053,Intel,No Fix,workaround_stated
Coffee Lake,CFL054,Intel,No Fix,none_stated
Coffee Lake,CFL055,Intel,No Fix,none_stated
Coffee Lake,CFL056,Intel,No Fix,none_stated
Coffee Lake,CFL057,Intel,No Fix,none_stated
Coffee Lake,CFL058,Intel,No Fix,none_with_guidance
Coffee Lake,CFL059,Intel,No Fix,none_stated
Coffee Lake,CFL060,Intel,No Fix,workaround_stated
Coffee Lake,CFL061,Intel,No Fix,none_stated
Coffee Lake,CFL062,Intel,No Fix,none_stated
Coffee Lake,CFL063,Intel,No Fix,none_stated
Coffee Lake,CFL064,Intel,No Fix,none_stated
Coffee Lake,CFL065,Intel,No Fix,none_stated
Coffee Lake,CFL066,Intel,No Fix,workaround_stated
Coffee Lake,CFL067,Intel,No Fix,workaround_stated
Coffee Lake,CFL068,Intel,No Fix,none_stated
Coffee Lake,CFL069,Intel,No Fix,workaround_stated
Coffee Lake,CFL070,Intel,No Fix,none_stated
Coffee Lake,CFL071,Intel,No Fix,workaround_stated
Coffee Lake,CFL072,Intel,No Fix,workaround_stated
Coffee Lake,CFL073,Intel,No Fix,workaround_stated
Coffee Lake,CFL074,Intel,No Fix,none_stated
Coffee Lake,CFL075,Intel,No Fix,workaround_stated
Coffee Lake,CFL076,Intel,No Fix,workaround_stated
Coffee Lake,CFL077,Intel,No Fix,none_stated
Coffee Lake,CFL078,Intel,No Fix,workaround_stated
Coffee Lake,CFL079,Intel,No Fix,none_with_guidance
Coffee Lake,CFL080,Intel,No Fix,workaround_stated
Coffee Lake,CFL081,Intel,No Fix,workaround_stated
Coffee Lake,CFL082,Intel,No Fix,none_stated
Coffee Lake,CFL083,Intel,No Fix,none_stated
Coffee Lake,CFL084,Intel,No Fix,none_with_guidance
Coffee Lake,CFL085,Intel,No Fix,none_with_guidance
Coffee Lake,CFL086,Intel,No Fix,workaround_stated
Coffee Lake,CFL088,Intel,No Fix,none_stated
Coffee Lake,CFL089,Intel,No Fix,none_with_guidance
Coffee Lake,CFL091,Intel,No Fix,none_stated
Coffee Lake,CFL092,Intel,Fixed,workaround_stated
Coffee Lake,CFL093,Intel,No Fix,workaround_stated
Coffee Lake,CFL094,Intel,No Fix,workaround_stated
Coffee Lake,CFL095,Intel,No Fix,workaround_stated
Coffee Lake,CFL096,Intel,No Fix,workaround_stated
Coffee Lake,CFL097,Intel,No Fix,none_stated
Coffee Lake,CFL098,Intel,No Fix,workaround_stated
Coffee Lake,CFL099,Intel,No Fix,workaround_stated
Coffee Lake,CFL100,Intel,No Fix,none_stated
Coffee Lake,CFL101,Intel,No Fix,none_with_guidance
Coffee Lake,CFL102,Intel,No Fix,none_stated
Coffee Lake,CFL103,Intel,No Fix,none_stated
Coffee Lake,CFL104,Intel,No Fix,none_stated
Coffee Lake,CFL105,Intel,No Fix,none_stated
Coffee Lake,CFL106,Intel,No Fix,workaround_stated
Coffee Lake,CFL107,Intel,No Fix,workaround_stated
Coffee Lake,CFL108,Intel,No Fix,workaround_stated
Coffee Lake,CFL109,Intel,No Fix,workaround_stated
Coffee Lake,CFL110,Intel,Fixed,workaround_stated
Coffee Lake,CFL111,Intel,No Fix,none_stated
Coffee Lake,CFL112,Intel,No Fix,workaround_stated
Coffee Lake,CFL113,Intel,No Fix,none_stated
Coffee Lake,CFL114,Intel,No Fix,none_stated
Coffee Lake,CFL115,Intel,No Fix,none_with_guidance
Coffee Lake,CFL116,Intel,No Fix,none_with_guidance
Coffee Lake,CFL117,Intel,Fixed,workaround_stated
Coffee Lake,CFL118,Intel,No Fix,workaround_stated
Coffee Lake,CFL119,Intel,No Fix,workaround_stated
Coffee Lake,CFL120,Intel,Fixed,workaround_stated
Coffee Lake,CFL121,Intel,Fixed,workaround_stated
Coffee Lake,CFL122,Intel,No Fix,workaround_stated
Coffee Lake,CFL123,Intel,Fixed,workaround_stated
Coffee Lake,CFL124,Intel,Fixed,workaround_stated
Coffee Lake,CFL125,Intel,No Fix,none_with_guidance
Coffee Lake,CFL126,Intel,No Fix,none_stated
Coffee Lake,CFL127,Intel,No Fix,none_stated
Coffee Lake,CFL128,Intel,No Fix,none_with_guidance
Coffee Lake,CFL129,Intel,Fixed,workaround_stated
Coffee Lake,CFL130,Intel,No Fix,workaround_stated
Coffee Lake,CFL131,Intel,Fixed,workaround_stated
Coffee Lake,CFL132,Intel,Fixed,workaround_stated
Coffee Lake,CFL133,Intel,Fixed,workaround_stated
Coffee Lake,CFL134,Intel,Fixed,workaround_stated
Coffee Lake,CFL135,Intel,No Fix,workaround_stated
Coffee Lake,CFL136,Intel,Fixed,workaround_stated
Coffee Lake,CFL137,Intel,Fixed,workaround_stated
Coffee Lake,CFL138,Intel,Fixed,workaround_stated
Coffee Lake,CFL139,Intel,No Fix,workaround_stated
Coffee Lake,CFL140,Intel,No Fix,workaround_stated
Coffee Lake,CFL141,Intel,No Fix,none_stated
Coffee Lake,CFL142,Intel,No Fix,none_stated
Coffee Lake,CFL143,Intel,No Fix,none_stated
Coffee Lake,CFL144,Intel,No Fix,none_stated
Coffee Lake,CFL145,Intel,No Fix,none_stated
Coffee Lake,CFL146,Intel,No Fix,none_stated
Coffee Lake,CFL147,Intel,No Fix,none_stated
Coffee Lake,CFL148,Intel,No Fix,none_stated
Coffee Lake,CFL149,Intel,No Fix,none_stated
Coffee Lake,CFL151,Intel,Fixed,workaround_stated
Coffee Lake,CFL152,Intel,No Fix,none_stated
Coffee Lake,CFL153,Intel,No Fix,none_stated
Coffee Lake,CFL154,Intel,No Fix,workaround_stated
Coffee Lake,CFL155,Intel,Fixed,workaround_stated
Coffee Lake,CFL156,Intel,No Fix,none_with_guidance
Coffee Lake,CFL157,Intel,No Fix,none_with_guidance
Ice Lake (client),ICL001,Intel,No Fix,none_stated
Ice Lake (client),ICL002,Intel,No Fix,none_stated
Ice Lake (client),ICL003,Intel,No Fix,workaround_stated
Ice Lake (client),ICL004,Intel,No Fix,workaround_stated
Ice Lake (client),ICL005,Intel,No Fix,none_with_guidance
Ice Lake (client),ICL006,Intel,No Fix,workaround_stated
Ice Lake (client),ICL007,Intel,No Fix,none_stated
Ice Lake (client),ICL008,Intel,No Fix,not_extracted
Ice Lake (client),ICL009,Intel,No Fix,none_stated
Ice Lake (client),ICL010,Intel,No Fix,none_stated
Ice Lake (client),ICL011,Intel,No Fix,none_with_guidance
Ice Lake (client),ICL012,Intel,No Fix,workaround_stated
Ice Lake (client),ICL013,Intel,No Fix,workaround_stated
Ice Lake (client),ICL014,Intel,No Fix,workaround_stated
Ice Lake (client),ICL015,Intel,No Fix,workaround_stated
Ice Lake (client),ICL016,Intel,No Fix,workaround_stated
Ice Lake (client),ICL017,Intel,No Fix,none_stated
Ice Lake (client),ICL018,Intel,No Fix,none_stated
Ice Lake (client),ICL019,Intel,No Fix,none_stated
Ice Lake (client),ICL020,Intel,No Fix,workaround_stated
Ice Lake (client),ICL021,Intel,No Fix,workaround_stated
Ice Lake (client),ICL022,Intel,No Fix,none_with_guidance
Ice Lake (client),ICL023,Intel,No Fix,none_stated
Ice Lake (client),ICL024,Intel,No Fix,none_with_guidance
Ice Lake (client),ICL025,Intel,No Fix,workaround_stated
Ice Lake (client),ICL026,Intel,No Fix,workaround_stated
Ice Lake (client),ICL027,Intel,No Fix,none_stated
Ice Lake (client),ICL028,Intel,No Fix,none_with_guidance
Ice Lake (client),ICL029,Intel,No Fix,none_with_guidance
Ice Lake (client),ICL030,Intel,No Fix,workaround_stated
Ice Lake (client),ICL031,Intel,No Fix,none_stated
Ice Lake (client),ICL032,Intel,No Fix,none_with_guidance
Ice Lake (client),ICL034,Intel,No Fix,workaround_stated
Ice Lake (client),ICL035,Intel,Fixed,workaround_stated
Ice Lake (client),ICL036,Intel,No Fix,none_with_guidance
Ice Lake (client),ICL038,Intel,No Fix,none_with_guidance
Ice Lake (client),ICL039,Intel,Fixed,workaround_stated
Ice Lake (client),ICL040,Intel,Fixed,workaround_stated
Ice Lake (client),ICL041,Intel,Fixed,workaround_stated
Ice Lake (client),ICL042,Intel,Fixed,workaround_stated
Ice Lake (client),ICL043,Intel,No Fix,none_stated
Ice Lake (client),ICL044,Intel,Fixed,workaround_stated
Ice Lake (client),ICL045,Intel,No Fix,workaround_stated
Ice Lake (client),ICL046,Intel,No Fix,workaround_stated
Ice Lake (client),ICL047,Intel,Fixed,workaround_stated
Ice Lake (client),ICL048,Intel,Fixed,workaround_stated
Ice Lake (client),ICL049,Intel,Fixed,workaround_stated
Ice Lake (client),ICL050,Intel,Fixed,workaround_stated
Ice Lake (client),ICL051,Intel,Fixed,workaround_stated
Ice Lake (client),ICL052,Intel,Fixed,workaround_stated
Ice Lake (client),ICL053,Intel,Fixed,workaround_stated
Ice Lake (client),ICL054,Intel,No Fix,workaround_stated
Ice Lake (client),ICL055,Intel,Fixed,workaround_stated
Ice Lake (client),ICL056,Intel,Fixed,workaround_stated
Ice Lake (client),ICL057,Intel,Fixed,workaround_stated
Ice Lake (client),ICL058,Intel,No Fix,none_with_guidance
Ice Lake (client),ICL059,Intel,No Fix,workaround_stated
Ice Lake (client),ICL060,Intel,No Fix,none_stated
Ice Lake (client),ICL061,Intel,Fixed,workaround_stated
Ice Lake (client),ICL062,Intel,No Fix,none_stated
Ice Lake (client),ICL063,Intel,Fixed,workaround_stated
Ice Lake (client),ICL064,Intel,Fixed,workaround_stated
Ice Lake (client),ICL065,Intel,Fixed,workaround_stated
Ice Lake (client),ICL066,Intel,Fixed,workaround_stated
Ice Lake (client),ICL067,Intel,Fixed,workaround_stated
Ice Lake (client),ICL068,Intel,No Fix,none_with_guidance
Ice Lake (client),ICL069,Intel,Fixed,workaround_stated
Ice Lake (client),ICL070,Intel,Fixed,workaround_stated
Ice Lake (client),ICL071,Intel,Fixed,workaround_stated
Ice Lake (client),ICL072,Intel,No Fix,none_stated
Ice Lake (client),ICL073,Intel,No Fix,none_stated
Ice Lake (client),ICL075,Intel,No Fix,workaround_stated
Ice Lake (client),ICL076,Intel,Fixed,workaround_stated
Ice Lake (client),ICL077,Intel,No Fix,none_with_guidance
Ice Lake (client),ICL078,Intel,No Fix,workaround_stated
Ice Lake (client),ICL079,Intel,No Fix,workaround_stated
Ice Lake (client),ICL080,Intel,No Fix,workaround_stated
Ice Lake (client),ICL081,Intel,No Fix,none_stated
Ice Lake (client),ICL082,Intel,No Fix,none_with_guidance
Ice Lake (client),ICL083,Intel,No Fix,none_stated
Ice Lake (client),ICL084,Intel,No Fix,workaround_stated
Ice Lake (client),ICL085,Intel,Fixed,workaround_stated
Ice Lake (client),ICL086,Intel,No Fix,none_stated
Ice Lake (client),ICL087,Intel,No Fix,none_stated
Ice Lake (client),ICL088,Intel,Fixed,workaround_stated
Ice Lake (client),ICL089,Intel,No Fix,none_stated
Ice Lake (client),ICL090,Intel,No Fix,none_with_guidance
Ice Lake (client),ICL091,Intel,No Fix,none_with_guidance
Ice Lake (client),ICL092,Intel,No Fix,workaround_stated
Tiger Lake,TGL001,Intel,No Fix,none_with_guidance
Tiger Lake,TGL002,Intel,No Fix,workaround_stated
Tiger Lake,TGL003,Intel,No Fix,none_with_guidance
Tiger Lake,TGL004,Intel,No Fix,workaround_stated
Tiger Lake,TGL005,Intel,No Fix,none_stated
Tiger Lake,TGL006,Intel,No Fix,none_with_guidance
Tiger Lake,TGL007,Intel,No Fix,none_stated
Tiger Lake,TGL008,Intel,No Fix,workaround_stated
Tiger Lake,TGL009,Intel,No Fix,workaround_stated
Tiger Lake,TGL010,Intel,No Fix,workaround_stated
Tiger Lake,TGL011,Intel,No Fix,none_stated
Tiger Lake,TGL012,Intel,No Fix,none_with_guidance
Tiger Lake,TGL013,Intel,No Fix,none_with_guidance
Tiger Lake,TGL014,Intel,No Fix,none_with_guidance
Tiger Lake,TGL015,Intel,No Fix,none_stated
Tiger Lake,TGL016,Intel,Fixed,workaround_stated
Tiger Lake,TGL017,Intel,No Fix,none_stated
Tiger Lake,TGL018,Intel,No Fix,none_stated
Tiger Lake,TGL019,Intel,Fixed,workaround_stated
Tiger Lake,TGL020,Intel,Fixed,workaround_stated
Tiger Lake,TGL021,Intel,No Fix,none_stated
Tiger Lake,TGL022,Intel,Fixed,workaround_stated
Tiger Lake,TGL023,Intel,No Fix,workaround_stated
Tiger Lake,TGL024,Intel,No Fix,none_stated
Tiger Lake,TGL025,Intel,Fixed,workaround_stated
Tiger Lake,TGL027,Intel,No Fix,workaround_stated
Tiger Lake,TGL028,Intel,Fixed,workaround_stated
Tiger Lake,TGL029,Intel,No Fix,workaround_stated
Tiger Lake,TGL030,Intel,Fixed,workaround_stated
Tiger Lake,TGL031,Intel,Fixed,workaround_stated
Tiger Lake,TGL032,Intel,Fixed,workaround_stated
Tiger Lake,TGL033,Intel,Fixed,workaround_stated
Tiger Lake,TGL034,Intel,No Fix,none_with_guidance
Tiger Lake,TGL035,Intel,Fixed,workaround_stated
Tiger Lake,TGL036,Intel,Fixed,workaround_stated
Tiger Lake,TGL037,Intel,No Fix,none_stated
Tiger Lake,TGL038,Intel,Fixed,workaround_stated
Tiger Lake,TGL039,Intel,No Fix,none_stated
Tiger Lake,TGL040,Intel,No Fix,workaround_stated
Tiger Lake,TGL042,Intel,Fixed,workaround_stated
Tiger Lake,TGL043,Intel,Fixed,workaround_stated
Tiger Lake,TGL044,Intel,No Fix,workaround_stated
Tiger Lake,TGL045,Intel,No Fix,workaround_stated
Tiger Lake,TGL046,Intel,Fixed,workaround_stated
Tiger Lake,TGL047,Intel,No Fix,none_stated
Tiger Lake,TGL048,Intel,No Fix,workaround_stated
Tiger Lake,TGL049,Intel,No Fix,workaround_stated
Tiger Lake,TGL050,Intel,No Fix,none_with_guidance
Tiger Lake,TGL051,Intel,No Fix,workaround_stated
Tiger Lake,TGL052,Intel,No Fix,none_with_guidance
Tiger Lake,TGL053,Intel,No Fix,none_stated
Tiger Lake,TGL054,Intel,No Fix,none_stated
Tiger Lake,TGL055,Intel,Fixed,workaround_stated
Tiger Lake,TGL056,Intel,Fixed,workaround_stated
Tiger Lake,TGL057,Intel,No Fix,workaround_stated
Tiger Lake,TGL058,Intel,No Fix,none_stated
Tiger Lake,TGL059,Intel,No Fix,none_stated
Tiger Lake,TGL060,Intel,No Fix,none_with_guidance
Tiger Lake,TGL061,Intel,Fixed,workaround_stated
Tiger Lake,TGL062,Intel,No Fix,none_with_guidance
Tiger Lake,TGL063,Intel,Fixed,workaround_stated
Tiger Lake,TGL064,Intel,No Fix,workaround_stated
Tiger Lake,TGL065,Intel,No Fix,none_stated
Tiger Lake,TGL066,Intel,Fixed,workaround_stated
Tiger Lake,TGL067,Intel,No Fix,none_stated
Tiger Lake,TGL068,Intel,Fixed,workaround_stated
Tiger Lake,TGL069,Intel,No Fix,none_stated
Tiger Lake,TGL070,Intel,No Fix,none_stated
Tiger Lake,TGL071,Intel,No Fix,none_with_guidance
Tiger Lake,TGL072,Intel,No Fix,none_with_guidance
Tiger Lake,TGL073,Intel,No Fix,workaround_stated
Tiger Lake,TGL074,Intel,Fixed,workaround_stated
Tiger Lake,TGL075,Intel,No Fix,workaround_stated
Rocket Lake,RKL001,Intel,No Fix,workaround_stated
Rocket Lake,RKL002,Intel,Fixed,workaround_stated
Rocket Lake,RKL003,Intel,Fixed,workaround_stated
Rocket Lake,RKL004,Intel,No Fix,none_stated
Rocket Lake,RKL005,Intel,No Fix,none_stated
Rocket Lake,RKL006,Intel,No Fix,none_stated
Rocket Lake,RKL007,Intel,No Fix,none_stated
Rocket Lake,RKL008,Intel,No Fix,workaround_stated
Rocket Lake,RKL009,Intel,Fixed,workaround_stated
Rocket Lake,RKL010,Intel,No Fix,none_stated
Rocket Lake,RKL011,Intel,No Fix,none_stated
Rocket Lake,RKL012,Intel,No Fix,none_stated
Rocket Lake,RKL013,Intel,No Fix,none_stated
Rocket Lake,RKL014,Intel,No Fix,none_stated
Rocket Lake,RKL015,Intel,Fixed,workaround_stated
Rocket Lake,RKL016,Intel,Fixed,workaround_stated
Rocket Lake,RKL017,Intel,No Fix,none_stated
Rocket Lake,RKL018,Intel,Fixed,workaround_stated
Rocket Lake,RKL019,Intel,No Fix,none_stated
Rocket Lake,RKL020,Intel,Fixed,workaround_stated
Rocket Lake,RKL021,Intel,No Fix,none_with_guidance
Rocket Lake,RKL022,Intel,No Fix,none_stated
Rocket Lake,RKL023,Intel,No Fix,workaround_stated
Rocket Lake,RKL024,Intel,No Fix,none_stated
Rocket Lake,RKL025,Intel,No Fix,workaround_stated
Rocket Lake,RKL026,Intel,No Fix,workaround_stated
Rocket Lake,RKL027,Intel,No Fix,workaround_stated
Rocket Lake,RKL028,Intel,No Fix,workaround_stated
Rocket Lake,RKL029,Intel,No Fix,none_with_guidance
Rocket Lake,RKL030,Intel,No Fix,workaround_stated
Rocket Lake,RKL031,Intel,Fixed,workaround_stated
Rocket Lake,RKL032,Intel,No Fix,none_stated
Rocket Lake,RKL033,Intel,No Fix,workaround_stated
Rocket Lake,RKL034,Intel,Fixed,workaround_stated
Rocket Lake,RKL036,Intel,Fixed,workaround_stated
Alder Lake,ADL001,Intel,No Fix,none_with_guidance
Alder Lake,ADL002,Intel,No Fix,workaround_stated
Alder Lake,ADL004,Intel,No Fix,none_with_guidance
Alder Lake,ADL005,Intel,No Fix,workaround_stated
Alder Lake,ADL006,Intel,No Fix,workaround_stated
Alder Lake,ADL007,Intel,No Fix,none_stated
Alder Lake,ADL008,Intel,No Fix,workaround_stated
Alder Lake,ADL009,Intel,No Fix,none_stated
Alder Lake,ADL010,Intel,No Fix,none_with_guidance
Alder Lake,ADL012,Intel,No Fix,none_stated
Alder Lake,ADL013,Intel,No Fix,workaround_stated
Alder Lake,ADL014,Intel,No Fix,none_stated
Alder Lake,ADL015,Intel,No Fix,none_stated
Alder Lake,ADL016,Intel,No Fix,workaround_stated
Alder Lake,ADL017,Intel,No Fix,none_stated
Alder Lake,ADL018,Intel,No Fix,none_stated
Alder Lake,ADL019,Intel,No Fix,none_stated
Alder Lake,ADL020,Intel,No Fix,none_with_guidance
Alder Lake,ADL021,Intel,No Fix,none_stated
Alder Lake,ADL023,Intel,No Fix,none_stated
Alder Lake,ADL024,Intel,Fixed,workaround_stated
Alder Lake,ADL025,Intel,No Fix,none_stated
Alder Lake,ADL026,Intel,No Fix,none_with_guidance
Alder Lake,ADL027,Intel,No Fix,none_stated
Alder Lake,ADL028,Intel,Fixed,workaround_stated
Alder Lake,ADL029,Intel,Fixed,workaround_stated
Alder Lake,ADL030,Intel,No Fix,workaround_stated
Alder Lake,ADL031,Intel,No Fix,none_with_guidance
Alder Lake,ADL032,Intel,No Fix,workaround_stated
Alder Lake,ADL033,Intel,No Fix,none_stated
Alder Lake,ADL034,Intel,No Fix,none_stated
Alder Lake,ADL035,Intel,No Fix,none_stated
Alder Lake,ADL036,Intel,Fixed,workaround_stated
Alder Lake,ADL037,Intel,No Fix,none_with_guidance
Alder Lake,ADL038,Intel,No Fix,none_stated
Alder Lake,ADL039,Intel,No Fix,none_stated
Alder Lake,ADL040,Intel,No Fix,none_stated
Alder Lake,ADL041,Intel,No Fix,workaround_stated
Alder Lake,ADL042,Intel,No Fix,none_stated
Alder Lake,ADL043,Intel,No Fix,none_stated
Alder Lake,ADL044,Intel,No Fix,workaround_stated
Alder Lake,ADL045,Intel,No Fix,none_stated
Alder Lake,ADL046,Intel,No Fix,none_with_guidance
Alder Lake,ADL047,Intel,Fixed,workaround_stated
Alder Lake,ADL048,Intel,Fixed,workaround_stated
Alder Lake,ADL049,Intel,No Fix,none_stated
Alder Lake,ADL050,Intel,Fixed,workaround_stated
Alder Lake,ADL051,Intel,No Fix,none_with_guidance
Alder Lake,ADL052,Intel,Fixed,workaround_stated
Alder Lake,ADL053,Intel,Fixed,workaround_stated
Alder Lake,ADL054,Intel,Fixed,workaround_stated
Alder Lake,ADL055,Intel,No Fix,workaround_stated
Alder Lake,ADL056,Intel,No Fix,none_with_guidance
Alder Lake,ADL057,Intel,Fixed,workaround_stated
Alder Lake,ADL058,Intel,No Fix,none_stated
Alder Lake,ADL059,Intel,No Fix,none_stated
Alder Lake,ADL060,Intel,No Fix,none_stated
Alder Lake,ADL061,Intel,Fixed,workaround_stated
Alder Lake,ADL062,Intel,Fixed,workaround_stated
Alder Lake,ADL063,Intel,Fixed,workaround_stated
Alder Lake,ADL064,Intel,Fixed,workaround_stated
Alder Lake,ADL065,Intel,No Fix,none_with_guidance
Alder Lake,ADL066,Intel,No Fix,none_with_guidance
Alder Lake,ADL067,Intel,No Fix,none_stated
Alder Lake,ADL068,Intel,No Fix,none_stated
Alder Lake,ADL069,Intel,No Fix,none_stated
Alder Lake,ADL070,Intel,No Fix,none_with_guidance
Alder Lake,ADL071,Intel,No Fix,none_stated
Alder Lake,ADL072,Intel,No Fix,none_with_guidance
Alder Lake,ADL073,Intel,No Fix,none_stated
Alder Lake,ADL074,Intel,No Fix,none_stated
Alder Lake,ADL075,Intel,Fixed,workaround_stated
Alder Lake,ADL076,Intel,Fixed,workaround_stated
Alder Lake,ADL077,Intel,No Fix,none_stated
Alder Lake,ADL078,Intel,No Fix,none_stated
Alder Lake,ADL079,Intel,No Fix,none_stated
Alder Lake,ADL080,Intel,Fixed,workaround_stated
Alder Lake,ADL081,Intel,No Fix,none_stated
Alder Lake,ADL082,Intel,No Fix,none_stated
Alder Lake,ADL083,Intel,Fixed,workaround_stated
Alder Lake,ADL084,Intel,Fixed,workaround_stated
Alder Lake,ADL085,Intel,No Fix,none_with_guidance
Alder Lake,ADL086,Intel,No Fix,none_with_guidance
Alder Lake,ADL087,Intel,No Fix,none_stated
Alder Lake,ADL088,Intel,No Fix,workaround_stated
Alder Lake,ADL089,Intel,No Fix,none_stated
Alder Lake,ADL090,Intel,No Fix,workaround_stated
Alder Lake,ADL091,Intel,No Fix,workaround_stated
Alder Lake,ADL092,Intel,Fixed,workaround_stated
Alder Lake,ADL093,Intel,Fixed,workaround_stated
Alder Lake,ADL094,Intel,No Fix,none_stated
Raptor Lake,RPL001,Intel,No Fix,workaround_stated
Raptor Lake,RPL002,Intel,No Fix,none_with_guidance
Raptor Lake,RPL003,Intel,No Fix,workaround_stated
Raptor Lake,RPL004,Intel,No Fix,none_with_guidance
Raptor Lake,RPL005,Intel,No Fix,none_with_guidance
Raptor Lake,RPL006,Intel,No Fix,workaround_stated
Raptor Lake,RPL007,Intel,No Fix,workaround_stated
Raptor Lake,RPL008,Intel,No Fix,none_stated
Raptor Lake,RPL009,Intel,No Fix,workaround_stated
Raptor Lake,RPL010,Intel,No Fix,none_stated
Raptor Lake,RPL011,Intel,No Fix,none_with_guidance
Raptor Lake,RPL012,Intel,No Fix,workaround_stated
Raptor Lake,RPL013,Intel,No Fix,none_stated
Raptor Lake,RPL014,Intel,No Fix,none_with_guidance
Raptor Lake,RPL015,Intel,No Fix,none_stated
Raptor Lake,RPL016,Intel,No Fix,none_stated
Raptor Lake,RPL017,Intel,No Fix,none_with_guidance
Raptor Lake,RPL018,Intel,No Fix,none_with_guidance
Raptor Lake,RPL019,Intel,No Fix,none_stated
Raptor Lake,RPL020,Intel,No Fix,none_stated
Raptor Lake,RPL021,Intel,No Fix,none_stated
Raptor Lake,RPL022,Intel,No Fix,none_stated
Raptor Lake,RPL023,Intel,No Fix,none_stated
Raptor Lake,RPL024,Intel,No Fix,workaround_stated
Raptor Lake,RPL025,Intel,No Fix,workaround_stated
Raptor Lake,RPL026,Intel,No Fix,none_stated
Raptor Lake,RPL027,Intel,No Fix,none_stated
Raptor Lake,RPL028,Intel,No Fix,none_stated
Raptor Lake,RPL029,Intel,No Fix,none_stated
Raptor Lake,RPL030,Intel,No Fix,none_with_guidance
Raptor Lake,RPL031,Intel,No Fix,none_stated
Raptor Lake,RPL032,Intel,No Fix,none_stated
Raptor Lake,RPL033,Intel,No Fix,none_stated
Raptor Lake,RPL034,Intel,No Fix,none_stated
Raptor Lake,RPL035,Intel,No Fix,none_stated
Raptor Lake,RPL036,Intel,No Fix,workaround_stated
Raptor Lake,RPL037,Intel,No Fix,none_with_guidance
Raptor Lake,RPL038,Intel,Fixed,workaround_stated
Raptor Lake,RPL039,Intel,Fixed,workaround_stated
Raptor Lake,RPL040,Intel,Fixed,workaround_stated
Raptor Lake,RPL041,Intel,No Fix,workaround_stated
Raptor Lake,RPL042,Intel,No Fix,none_with_guidance
Raptor Lake,RPL043,Intel,Fixed,workaround_stated
Raptor Lake,RPL044,Intel,Fixed,workaround_stated
Raptor Lake,RPL045,Intel,Fixed,workaround_stated
Raptor Lake,RPL046,Intel,No Fix,none_stated
Raptor Lake,RPL047,Intel,No Fix,none_stated
Raptor Lake,RPL048,Intel,No Fix,none_stated
Raptor Lake,RPL049,Intel,Fixed,workaround_stated
Raptor Lake,RPL050,Intel,Fixed,workaround_stated
Raptor Lake,RPL051,Intel,No Fix,none_with_guidance
Raptor Lake,RPL052,Intel,No Fix,none_stated
Raptor Lake,RPL053,Intel,No Fix,none_stated
Raptor Lake,RPL054,Intel,No Fix,none_stated
Raptor Lake,RPL055,Intel,No Fix,none_stated
Raptor Lake,RPL056,Intel,No Fix,none_with_guidance
Raptor Lake,RPL057,Intel,No Fix,none_with_guidance
Raptor Lake,RPL058,Intel,No Fix,none_stated
Raptor Lake,RPL059,Intel,No Fix,none_stated
Raptor Lake,RPL060,Intel,Fixed,workaround_stated
Raptor Lake,RPL061,Intel,No Fix,none_stated
Raptor Lake,RPL062,Intel,No Fix,none_stated
Raptor Lake,RPL063,Intel,No Fix,workaround_stated
Raptor Lake,RPL064,Intel,No Fix,none_stated
Raptor Lake,RPL065,Intel,No Fix,none_stated
Raptor Lake,RPL066,Intel,Fixed,workaround_stated
Raptor Lake,RPL067,Intel,No Fix,none_stated
Raptor Lake,RPL068,Intel,No Fix,none_stated
Raptor Lake,RPL069,Intel,Fixed,workaround_stated
Raptor Lake,RPL070,Intel,Fixed,workaround_stated
Raptor Lake,RPL071,Intel,Fixed,workaround_stated
Raptor Lake,RPL072,Intel,No Fix,none_with_guidance
Raptor Lake,RPL073,Intel,No Fix,none_with_guidance
Raptor Lake,RPL074,Intel,No Fix,none_stated
Raptor Lake,RPL075,Intel,No Fix,workaround_stated
Raptor Lake,RPL076,Intel,No Fix,none_stated
Raptor Lake,RPL077,Intel,No Fix,workaround_stated
Raptor Lake,RPL078,Intel,Fixed,workaround_stated
Raptor Lake,RPL079,Intel,Fixed,workaround_stated
Raptor Lake,RPL080,Intel,No Fix,none_stated
Meteor Lake,MTL001,Intel,No Fix,none_stated
Meteor Lake,MTL002,Intel,No Fix,none_stated
Meteor Lake,MTL003,Intel,No Fix,none_stated
Meteor Lake,MTL004,Intel,Fixed,workaround_stated
Meteor Lake,MTL005,Intel,No Fix,none_with_guidance
Meteor Lake,MTL006,Intel,No Fix,none_stated
Meteor Lake,MTL007,Intel,No Fix,none_stated
Meteor Lake,MTL008,Intel,No Fix,none_with_guidance
Meteor Lake,MTL009,Intel,No Fix,none_with_guidance
Meteor Lake,MTL010,Intel,No Fix,none_stated
Meteor Lake,MTL011,Intel,No Fix,none_with_guidance
Meteor Lake,MTL012,Intel,No Fix,none_stated
Meteor Lake,MTL013,Intel,No Fix,none_stated
Meteor Lake,MTL014,Intel,No Fix,workaround_stated
Meteor Lake,MTL015,Intel,Fixed,workaround_stated
Meteor Lake,MTL016,Intel,No Fix,none_with_guidance
Meteor Lake,MTL017,Intel,No Fix,none_stated
Meteor Lake,MTL018,Intel,No Fix,none_stated
Meteor Lake,MTL019,Intel,No Fix,none_with_guidance
Meteor Lake,MTL020,Intel,No Fix,workaround_stated
Meteor Lake,MTL021,Intel,Fixed,workaround_stated
Meteor Lake,MTL022,Intel,No Fix,none_stated
Meteor Lake,MTL023,Intel,No Fix,none_with_guidance
Meteor Lake,MTL024,Intel,Fixed,workaround_stated
Meteor Lake,MTL025,Intel,Fixed,workaround_stated
Meteor Lake,MTL026,Intel,Fixed,workaround_stated
Meteor Lake,MTL027,Intel,No Fix,none_with_guidance
Meteor Lake,MTL028,Intel,No Fix,none_stated
Meteor Lake,MTL029,Intel,No Fix,none_with_guidance
Meteor Lake,MTL030,Intel,No Fix,none_stated
Meteor Lake,MTL031,Intel,No Fix,workaround_stated
Meteor Lake,MTL032,Intel,No Fix,none_stated
Meteor Lake,MTL033,Intel,No Fix,none_stated
Meteor Lake,MTL034,Intel,No Fix,workaround_stated
Meteor Lake,MTL035,Intel,Fixed,workaround_stated
Meteor Lake,MTL036,Intel,Fixed,workaround_stated
Meteor Lake,MTL037,Intel,Fixed,workaround_stated
Meteor Lake,MTL038,Intel,Fixed,workaround_stated
Meteor Lake,MTL039,Intel,No Fix,none_with_guidance
Meteor Lake,MTL040,Intel,Fixed,workaround_stated
Meteor Lake,MTL041,Intel,Fixed,workaround_stated
Meteor Lake,MTL042,Intel,Fixed,workaround_stated
Meteor Lake,MTL043,Intel,No Fix,workaround_stated
Meteor Lake,MTL044,Intel,No Fix,none_stated
Meteor Lake,MTL045,Intel,No Fix,none_with_guidance
Meteor Lake,MTL046,Intel,No Fix,none_stated
Meteor Lake,MTL047,Intel,No Fix,none_stated
Meteor Lake,MTL048,Intel,No Fix,workaround_stated
Meteor Lake,MTL049,Intel,No Fix,none_with_guidance
Meteor Lake,MTL050,Intel,No Fix,none_stated
Meteor Lake,MTL051,Intel,No Fix,none_with_guidance
Meteor Lake,MTL052,Intel,No Fix,none_stated
Meteor Lake,MTL053,Intel,No Fix,none_stated
Meteor Lake,MTL054,Intel,No Fix,none_with_guidance
Meteor Lake,MTL055,Intel,No Fix,none_stated
Meteor Lake,MTL056,Intel,No Fix,none_stated
Meteor Lake,MTL058,Intel,No Fix,none_stated
Meteor Lake,MTL059,Intel,No Fix,none_with_guidance
Meteor Lake,MTL060,Intel,No Fix,none_with_guidance
Meteor Lake,MTL061,Intel,No Fix,none_stated
Meteor Lake,MTL062,Intel,Fixed,workaround_stated
Meteor Lake,MTL063,Intel,No Fix,none_stated
Meteor Lake,MTL064,Intel,Fixed,workaround_stated
Meteor Lake,MTL065,Intel,Fixed,workaround_stated
Meteor Lake,MTL066,Intel,Fixed,workaround_stated
Meteor Lake,MTL067,Intel,Fixed,workaround_stated
Meteor Lake,MTL068,Intel,No Fix,none_stated
Meteor Lake,MTL069,Intel,Fixed,workaround_stated
Meteor Lake,MTL070,Intel,Fixed,workaround_stated
Meteor Lake,MTL071,Intel,No Fix,none_with_guidance
Meteor Lake,MTL072,Intel,No Fix,none_with_guidance
Meteor Lake,MTL073,Intel,No Fix,none_stated
Meteor Lake,MTL074,Intel,No Fix,none_stated
Meteor Lake,MTL075,Intel,No Fix,none_stated
Meteor Lake,MTL076,Intel,No Fix,workaround_stated
Meteor Lake,MTL077,Intel,No Fix,none_stated
Meteor Lake,MTL078,Intel,No Fix,workaround_stated
Meteor Lake,MTL079,Intel,Fixed,workaround_stated
Meteor Lake,MTL080,Intel,No Fix,none_stated
Meteor Lake,MTL081,Intel,No Fix,none_stated
Meteor Lake,MTL082,Intel,Fixed,workaround_stated
Meteor Lake,MTL083,Intel,No Fix,none_stated
Lunar Lake,LNL001,Intel,No Fix,none_stated
Lunar Lake,LNL002,Intel,No Fix,none_stated
Lunar Lake,LNL003,Intel,No Fix,none_stated
Lunar Lake,LNL004,Intel,No Fix,not_extracted
Lunar Lake,LNL006,Intel,No Fix,none_stated
Lunar Lake,LNL007,Intel,No Fix,none_stated
Lunar Lake,LNL008,Intel,No Fix,none_with_guidance
Lunar Lake,LNL009,Intel,No Fix,none_stated
Lunar Lake,LNL010,Intel,No Fix,none_with_guidance
Lunar Lake,LNL011,Intel,No Fix,workaround_stated
Lunar Lake,LNL013,Intel,No Fix,none_stated
Lunar Lake,LNL014,Intel,No Fix,none_with_guidance
Lunar Lake,LNL015,Intel,No Fix,none_stated
Lunar Lake,LNL016,Intel,No Fix,workaround_stated
Lunar Lake,LNL017,Intel,No Fix,none_stated
Lunar Lake,LNL018,Intel,No Fix,none_stated
Lunar Lake,LNL019,Intel,No Fix,none_with_guidance
Lunar Lake,LNL020,Intel,No Fix,none_stated
Lunar Lake,LNL021,Intel,No Fix,none_stated
Lunar Lake,LNL022,Intel,No Fix,none_with_guidance
Lunar Lake,LNL023,Intel,Fixed,workaround_stated
Lunar Lake,LNL024,Intel,Fixed,workaround_stated
Lunar Lake,LNL025,Intel,No Fix,none_with_guidance
Lunar Lake,LNL026,Intel,No Fix,none_stated
Lunar Lake,LNL027,Intel,No Fix,none_with_guidance
Lunar Lake,LNL028,Intel,Fixed,workaround_stated
Lunar Lake,LNL029,Intel,No Fix,none_with_guidance
Lunar Lake,LNL030,Intel,Fixed,workaround_stated
Lunar Lake,LNL031,Intel,Fixed,workaround_stated
Lunar Lake,LNL032,Intel,No Fix,none_with_guidance
Lunar Lake,LNL033,Intel,Fixed,workaround_stated
Lunar Lake,LNL034,Intel,Fixed,workaround_stated
Lunar Lake,LNL036,Intel,Fixed,workaround_stated
Lunar Lake,LNL037,Intel,Fixed,workaround_stated
Lunar Lake,LNL038,Intel,Fixed,workaround_stated
Lunar Lake,LNL039,Intel,Fixed,workaround_stated
Lunar Lake,LNL040,Intel,Fixed,workaround_stated
Lunar Lake,LNL041,Intel,Fixed,workaround_stated
Lunar Lake,LNL042,Intel,Fixed,workaround_stated
Lunar Lake,LNL043,Intel,Fixed,workaround_stated
Lunar Lake,LNL045,Intel,Fixed,workaround_stated
Lunar Lake,LNL046,Intel,Plan Fix,workaround_stated
Lunar Lake,LNL047,Intel,Fixed,workaround_stated
Lunar Lake,LNL048,Intel,No Fix,none_stated
Lunar Lake,LNL049,Intel,No Fix,none_stated
Lunar Lake,LNL050,Intel,Fixed,workaround_stated
Lunar Lake,LNL051,Intel,No Fix,none_with_guidance
Lunar Lake,LNL052,Intel,No Fix,none_with_guidance
Lunar Lake,LNL053,Intel,No Fix,none_stated
Lunar Lake,LNL054,Intel,No Fix,none_stated
Lunar Lake,LNL055,Intel,No Fix,none_stated
Lunar Lake,LNL056,Intel,No Fix,none_stated
Lunar Lake,LNL057,Intel,No Fix,none_stated
Lunar Lake,LNL058,Intel,No Fix,none_stated
Lunar Lake,LNL059,Intel,No Fix,workaround_stated
Lunar Lake,LNL060,Intel,No Fix,none_stated
Lunar Lake,LNL061,Intel,No Fix,none_stated
Lunar Lake,LNL062,Intel,No Fix,none_stated
Lunar Lake,LNL063,Intel,No Fix,workaround_stated
Lunar Lake,LNL064,Intel,No Fix,workaround_stated
Lunar Lake,LNL065,Intel,No Fix,none_stated
Lunar Lake,LNL066,Intel,No Fix,none_stated
Lunar Lake,LNL067,Intel,No Fix,none_with_guidance
Lunar Lake,LNL068,Intel,No Fix,workaround_stated
Lunar Lake,LNL069,Intel,No Fix,workaround_stated
Lunar Lake,LNL070,Intel,No Fix,none_stated
Lunar Lake,LNL071,Intel,Fixed,workaround_stated
Lunar Lake,LNL072,Intel,No Fix,none_stated
Arrow Lake,ARL001,Intel,No Fix,none_stated
Arrow Lake,ARL002,Intel,No Fix,none_stated
Arrow Lake,ARL004,Intel,No Fix,none_with_guidance
Arrow Lake,ARL005,Intel,No Fix,none_with_guidance
Arrow Lake,ARL006,Intel,No Fix,none_stated
Arrow Lake,ARL007,Intel,No Fix,none_stated
Arrow Lake,ARL008,Intel,No Fix,none_with_guidance
Arrow Lake,ARL009,Intel,No Fix,none_stated
Arrow Lake,ARL010,Intel,No Fix,none_stated
Arrow Lake,ARL011,Intel,No Fix,none_stated
Arrow Lake,ARL012,Intel,No Fix,none_with_guidance
Arrow Lake,ARL013,Intel,No Fix,workaround_stated
Arrow Lake,ARL015,Intel,No Fix,none_stated
Arrow Lake,ARL016,Intel,No Fix,none_with_guidance
Arrow Lake,ARL017,Intel,No Fix,none_stated
Arrow Lake,ARL018,Intel,No Fix,none_stated
Arrow Lake,ARL019,Intel,No Fix,none_stated
Arrow Lake,ARL020,Intel,No Fix,none_with_guidance
Arrow Lake,ARL021,Intel,No Fix,none_with_guidance
Arrow Lake,ARL022,Intel,No Fix,none_stated
Arrow Lake,ARL023,Intel,No Fix,none_with_guidance
Arrow Lake,ARL024,Intel,No Fix,none_stated
Arrow Lake,ARL025,Intel,No Fix,none_stated
Arrow Lake,ARL026,Intel,No Fix,workaround_stated
Arrow Lake,ARL027,Intel,No Fix,none_with_guidance
Arrow Lake,ARL028,Intel,No Fix,none_stated
Arrow Lake,ARL029,Intel,Fixed,workaround_stated
Arrow Lake,ARL030,Intel,Fixed,workaround_stated
Arrow Lake,ARL031,Intel,Fixed,workaround_stated
Arrow Lake,ARL032,Intel,Fixed,workaround_stated
Arrow Lake,ARL033,Intel,Fixed,workaround_stated
Arrow Lake,ARL034,Intel,Fixed,workaround_stated
Arrow Lake,ARL035,Intel,Fixed,workaround_stated
Arrow Lake,ARL036,Intel,Fixed,workaround_stated
Arrow Lake,ARL037,Intel,Fixed,workaround_stated
Arrow Lake,ARL039,Intel,No Fix,none_stated
Arrow Lake,ARL040,Intel,No Fix,none_stated
Arrow Lake,ARL041,Intel,Fixed,workaround_stated
Arrow Lake,ARL042,Intel,Fixed,workaround_stated
Arrow Lake,ARL043,Intel,Fixed,workaround_stated
Arrow Lake,ARL044,Intel,No Fix,none_stated
Arrow Lake,ARL045,Intel,No Fix,none_stated
Arrow Lake,ARL046,Intel,No Fix,none_stated
Arrow Lake,ARL047,Intel,Fixed,workaround_stated
Arrow Lake,ARL048,Intel,No Fix,none_stated
Arrow Lake,ARL049,Intel,Fixed,workaround_stated
Arrow Lake,ARL050,Intel,Fixed,workaround_stated
Arrow Lake,ARL051,Intel,Fixed,workaround_stated
Arrow Lake,ARL052,Intel,Fixed,workaround_stated
Arrow Lake,ARL053,Intel,No Fix,none_stated
Arrow Lake,ARL054,Intel,Fixed,workaround_stated
Arrow Lake,ARL055,Intel,Fixed,workaround_stated
Arrow Lake,ARL056,Intel,No Fix,none_with_guidance
Arrow Lake,ARL057,Intel,No Fix,none_with_guidance
Arrow Lake,ARL058,Intel,No Fix,none_stated
Arrow Lake,ARL059,Intel,No Fix,none_stated
Arrow Lake,ARL060,Intel,No Fix,none_stated
Arrow Lake,ARL061,Intel,No Fix,none_stated
Arrow Lake,ARL062,Intel,No Fix,none_stated
Arrow Lake,ARL063,Intel,No Fix,workaround_stated
Arrow Lake,ARL064,Intel,No Fix,none_stated
Arrow Lake,ARL065,Intel,No Fix,none_stated
Arrow Lake,ARL066,Intel,No Fix,none_stated
Arrow Lake,ARL067,Intel,No Fix,workaround_stated
Arrow Lake,ARL068,Intel,No Fix,none_stated
Arrow Lake,ARL069,Intel,No Fix,none_stated
Arrow Lake,ARL070,Intel,No Fix,none_stated
Arrow Lake,ARL071,Intel,No Fix,workaround_stated
Arrow Lake,ARL072,Intel,No Fix,workaround_stated
Arrow Lake,ARL073,Intel,No Fix,workaround_stated
Arrow Lake,ARL074,Intel,No Fix,none_with_guidance
Arrow Lake,ARL075,Intel,Fixed,workaround_stated
Arrow Lake,ARL076,Intel,No Fix,none_stated
Zen 1 (Naples),911,AMD,No Fix,none_stated
Zen 1 (Naples),913,AMD,No Fix,workaround_stated
Zen 1 (Naples),919,AMD,No Fix,none_stated
Zen 1 (Naples),923,AMD,No Fix,workaround_stated
Zen 1 (Naples),931,AMD,No Fix,workaround_stated
Zen 1 (Naples),937,AMD,No Fix,none_stated
Zen 1 (Naples),954,AMD,No Fix,workaround_stated
Zen 1 (Naples),955,AMD,No Fix,workaround_stated
Zen 1 (Naples),965,AMD,No Fix,workaround_stated
Zen 1 (Naples),990,AMD,No Fix,none_with_guidance
Zen 1 (Naples),1017,AMD,Plan Fix,none_stated
Zen 1 (Naples),1021,AMD,No Fix,workaround_stated
Zen 1 (Naples),1023,AMD,Plan Fix,none_with_guidance
Zen 1 (Naples),1024,AMD,No Fix,workaround_stated
Zen 1 (Naples),1033,AMD,Plan Fix,workaround_stated
Zen 1 (Naples),1034,AMD,Plan Fix,workaround_stated
Zen 1 (Naples),1036,AMD,Plan Fix,workaround_stated
Zen 1 (Naples),1037,AMD,No Fix,workaround_stated
Zen 1 (Naples),1038,AMD,Plan Fix,workaround_stated
Zen 1 (Naples),1039,AMD,Plan Fix,workaround_stated
Zen 1 (Naples),1042,AMD,No Fix,workaround_stated
Zen 1 (Naples),1043,AMD,No Fix,workaround_stated
Zen 1 (Naples),1044,AMD,Plan Fix,workaround_stated
Zen 1 (Naples),1047,AMD,No Fix,none_stated
Zen 1 (Naples),1048,AMD,No Fix,workaround_stated
Zen 1 (Naples),1049,AMD,No Fix,workaround_stated
Zen 1 (Naples),1053,AMD,No Fix,none_stated
Zen 1 (Naples),1054,AMD,No Fix,none_stated
Zen 1 (Naples),1057,AMD,No Fix,workaround_stated
Zen 1 (Naples),1058,AMD,No Fix,workaround_stated
Zen 1 (Naples),1059,AMD,No Fix,none_stated
Zen 1 (Naples),1063,AMD,No Fix,workaround_stated
Zen 1 (Naples),1067,AMD,No Fix,none_stated
Zen 1 (Naples),1070,AMD,No Fix,workaround_stated
Zen 1 (Naples),1071,AMD,No Fix,workaround_stated
Zen 1 (Naples),1076,AMD,No Fix,workaround_stated
Zen 1 (Naples),1080,AMD,No Fix,workaround_stated
Zen 1 (Naples),1081,AMD,No Fix,workaround_stated
Zen 1 (Naples),1083,AMD,No Fix,workaround_stated
Zen 1 (Naples),1084,AMD,No Fix,workaround_stated
Zen 1 (Naples),1091,AMD,No Fix,workaround_stated
Zen 1 (Naples),1092,AMD,No Fix,workaround_stated
Zen 1 (Naples),1095,AMD,No Fix,workaround_stated
Zen 1 (Naples),1096,AMD,No Fix,workaround_stated
Zen 1 (Naples),1100,AMD,No Fix,workaround_stated
Zen 1 (Naples),1102,AMD,No Fix,workaround_stated
Zen 1 (Naples),1108,AMD,No Fix,none_stated
Zen 1 (Naples),1109,AMD,No Fix,workaround_stated
Zen 1 (Naples),1110,AMD,No Fix,workaround_stated
Zen 1 (Naples),1124,AMD,No Fix,none_stated
Zen 1 (Naples),1125,AMD,No Fix,workaround_stated
Zen 1 (Naples),1126,AMD,No Fix,workaround_stated
Zen 1 (Naples),1128,AMD,No Fix,workaround_stated
Zen 1 (Naples),1130,AMD,No Fix,workaround_stated
Zen 1 (Naples),1142,AMD,No Fix,workaround_stated
Zen 1 (Naples),1146,AMD,No Fix,workaround_stated
Zen 1 (Naples),1154,AMD,No Fix,none_stated
Zen 1 (Naples),1155,AMD,No Fix,workaround_stated
Zen 1 (Naples),1158,AMD,No Fix,workaround_stated
Zen 1 (Naples),1160,AMD,No Fix,workaround_stated
Zen 1 (Naples),1163,AMD,No Fix,none_stated
Zen 1 (Naples),1164,AMD,No Fix,workaround_stated
Zen 1 (Naples),1177,AMD,No Fix,none_stated
Zen 1 (Naples),1201,AMD,No Fix,workaround_stated
Zen 1 (Naples),1225,AMD,No Fix,none_with_guidance
Zen 1 (Naples),1235,AMD,No Fix,none_with_guidance
Zen 1 (Naples),1277,AMD,No Fix,workaround_stated
Zen 1 (Naples),1282,AMD,No Fix,workaround_stated
Zen 1 (Naples),1286,AMD,No Fix,workaround_stated
Zen 1 (Naples),1294,AMD,No Fix,none_stated
Zen 1 (Naples),1305,AMD,No Fix,none_stated
Zen 1 (Naples),1386,AMD,No Fix,workaround_stated
Zen 1 (Naples),1394,AMD,No Fix,none_stated
Zen 1 (Naples),1421,AMD,No Fix,none_stated
Zen 1 (Naples),1474,AMD,No Fix,workaround_stated
Zen 1 (Naples),1488,AMD,No Fix,workaround_stated
Zen 2 (Rome),1140,AMD,No Fix,workaround_stated
Zen 2 (Rome),1146,AMD,No Fix,workaround_stated
Zen 2 (Rome),1150,AMD,No Fix,none_stated
Zen 2 (Rome),1154,AMD,No Fix,none_stated
Zen 2 (Rome),1155,AMD,No Fix,workaround_stated
Zen 2 (Rome),1157,AMD,No Fix,none_stated
Zen 2 (Rome),1159,AMD,No Fix,none_stated
Zen 2 (Rome),1160,AMD,No Fix,workaround_stated
Zen 2 (Rome),1163,AMD,No Fix,none_stated
Zen 2 (Rome),1165,AMD,No Fix,workaround_stated
Zen 2 (Rome),1166,AMD,No Fix,workaround_stated
Zen 2 (Rome),1169,AMD,No Fix,workaround_stated
Zen 2 (Rome),1171,AMD,No Fix,none_stated
Zen 2 (Rome),1183,AMD,No Fix,workaround_stated
Zen 2 (Rome),1185,AMD,No Fix,workaround_stated
Zen 2 (Rome),1200,AMD,No Fix,workaround_stated
Zen 2 (Rome),1212,AMD,No Fix,none_stated
Zen 2 (Rome),1215,AMD,No Fix,none_stated
Zen 2 (Rome),1216,AMD,No Fix,workaround_stated
Zen 2 (Rome),1218,AMD,No Fix,workaround_stated
Zen 2 (Rome),1225,AMD,No Fix,none_with_guidance
Zen 2 (Rome),1235,AMD,No Fix,none_with_guidance
Zen 2 (Rome),1277,AMD,No Fix,workaround_stated
Zen 2 (Rome),1286,AMD,No Fix,workaround_stated
Zen 2 (Rome),1288,AMD,No Fix,none_stated
Zen 2 (Rome),1290,AMD,No Fix,workaround_stated
Zen 2 (Rome),1291,AMD,No Fix,none_with_guidance
Zen 2 (Rome),1294,AMD,No Fix,none_stated
Zen 2 (Rome),1305,AMD,No Fix,none_stated
Zen 2 (Rome),1308,AMD,No Fix,workaround_stated
Zen 2 (Rome),1315,AMD,No Fix,workaround_stated
Zen 2 (Rome),1349,AMD,No Fix,none_stated
Zen 2 (Rome),1356,AMD,No Fix,workaround_stated
Zen 2 (Rome),1386,AMD,No Fix,workaround_stated
Zen 2 (Rome),1390,AMD,No Fix,none_stated
Zen 2 (Rome),1394,AMD,No Fix,none_stated
Zen 2 (Rome),1417,AMD,No Fix,workaround_stated
Zen 2 (Rome),1421,AMD,No Fix,none_stated
Zen 2 (Rome),1468,AMD,No Fix,workaround_stated
Zen 2 (Rome),1474,AMD,No Fix,workaround_stated
Zen 2 (Rome),1488,AMD,No Fix,workaround_stated
Zen 2 (Rome),1523,AMD,No Fix,workaround_stated
Zen 2 (Rome),1526,AMD,No Fix,workaround_stated
Zen 2 (Rome),1545,AMD,No Fix,workaround_stated
Zen 2 (Rome),1573,AMD,No Fix,none_stated
Zen 2 (Rome),1580,AMD,No Fix,none_stated
Zen 2 (Rome),1590,AMD,No Fix,workaround_stated
Zen 2 (Rome),1596,AMD,No Fix,none_with_guidance
Zen 2 (Rome),1611,AMD,No Fix,none_with_guidance
Zen 4 (Genoa),1155,AMD,No Fix,workaround_stated
Zen 4 (Genoa),1237,AMD,No Fix,none_stated
Zen 4 (Genoa),1305,AMD,No Fix,none_stated
Zen 4 (Genoa),1321,AMD,No Fix,workaround_stated
Zen 4 (Genoa),1332,AMD,No Fix,none_stated
Zen 4 (Genoa),1339,AMD,No Fix,none_stated
Zen 4 (Genoa),1344,AMD,No Fix,none_stated
Zen 4 (Genoa),1358,AMD,No Fix,none_stated
Zen 4 (Genoa),1365,AMD,No Fix,none_stated
Zen 4 (Genoa),1372,AMD,No Fix,none_stated
Zen 4 (Genoa),1374,AMD,No Fix,none_stated
Zen 4 (Genoa),1384,AMD,No Fix,workaround_stated
Zen 4 (Genoa),1393,AMD,No Fix,none_stated
Zen 4 (Genoa),1394,AMD,No Fix,none_stated
Zen 4 (Genoa),1395,AMD,No Fix,workaround_stated
Zen 4 (Genoa),1401,AMD,No Fix,none_with_guidance
Zen 4 (Genoa),1403,AMD,No Fix,workaround_stated
Zen 4 (Genoa),1416,AMD,No Fix,none_with_guidance
Zen 4 (Genoa),1421,AMD,No Fix,none_stated
Zen 4 (Genoa),1426,AMD,No Fix,none_stated
Zen 4 (Genoa),1430,AMD,No Fix,workaround_stated
Zen 4 (Genoa),1431,AMD,No Fix,workaround_stated
Zen 4 (Genoa),1432,AMD,No Fix,workaround_stated
Zen 4 (Genoa),1441,AMD,No Fix,workaround_stated
Zen 4 (Genoa),1442,AMD,No Fix,workaround_stated
Zen 4 (Genoa),1444,AMD,No Fix,workaround_stated
Zen 4 (Genoa),1446,AMD,No Fix,workaround_stated
Zen 4 (Genoa),1448,AMD,No Fix,none_stated
Zen 4 (Genoa),1452,AMD,No Fix,workaround_stated
Zen 4 (Genoa),1453,AMD,No Fix,none_with_guidance
Zen 4 (Genoa),1454,AMD,No Fix,workaround_stated
Zen 4 (Genoa),1455,AMD,No Fix,none_stated
Zen 4 (Genoa),1458,AMD,No Fix,workaround_stated
Zen 4 (Genoa),1460,AMD,No Fix,workaround_stated
Zen 4 (Genoa),1462,AMD,No Fix,workaround_stated
Zen 4 (Genoa),1463,AMD,No Fix,none_stated
Zen 4 (Genoa),1464,AMD,No Fix,none_stated
Zen 4 (Genoa),1465,AMD,No Fix,none_stated
Zen 4 (Genoa),1467,AMD,No Fix,workaround_stated
Zen 4 (Genoa),1469,AMD,No Fix,none_stated
Zen 4 (Genoa),1475,AMD,No Fix,workaround_stated
Zen 4 (Genoa),1478,AMD,Plan Fix,workaround_stated
Zen 4 (Genoa),1483,AMD,No Fix,none_stated
Zen 4 (Genoa),1485,AMD,No Fix,workaround_stated
Zen 4 (Genoa),1486,AMD,No Fix,workaround_stated
Zen 4 (Genoa),1488,AMD,No Fix,workaround_stated
Zen 4 (Genoa),1489,AMD,No Fix,none_with_guidance
Zen 4 (Genoa),1498,AMD,No Fix,none_with_guidance
Zen 4 (Genoa),1502,AMD,No Fix,workaround_stated
Zen 4 (Genoa),1507,AMD,No Fix,workaround_stated
Zen 4 (Genoa),1510,AMD,No Fix,workaround_stated
Zen 4 (Genoa),1513,AMD,No Fix,none_stated
Zen 4 (Genoa),1514,AMD,No Fix,workaround_stated
Zen 4 (Genoa),1518,AMD,No Fix,workaround_stated
Zen 4 (Genoa),1545,AMD,No Fix,workaround_stated
Zen 4 (Genoa),1546,AMD,No Fix,none_with_guidance
Zen 4 (Genoa),1548,AMD,No Fix,none_stated
Zen 4 (Genoa),1549,AMD,No Fix,workaround_stated
Zen 4 (Genoa),1577,AMD,No Fix,workaround_stated
Zen 4 (Genoa),1580,AMD,No Fix,none_stated
Zen 4 (Genoa),1590,AMD,No Fix,workaround_stated
Zen 4 (Genoa),1596,AMD,No Fix,none_with_guidance
Zen 4 (Genoa),1608,AMD,No Fix,none_stated
Zen 4 (Genoa),1609,AMD,No Fix,workaround_stated
Zen 4 (Genoa),1631,AMD,No Fix,workaround_stated
Zen 4 (Genoa),1632,AMD,No Fix,workaround_stated
Zen 5 (Turin),1155,AMD,No Fix,workaround_stated
Zen 5 (Turin),1305,AMD,No Fix,none_stated
Zen 5 (Turin),1464,AMD,No Fix,none_stated
Zen 5 (Turin),1482,AMD,No Fix,none_stated
Zen 5 (Turin),1483,AMD,No Fix,none_stated
Zen 5 (Turin),1489,AMD,No Fix,none_with_guidance
Zen 5 (Turin),1499,AMD,No Fix,none_stated
Zen 5 (Turin),1502,AMD,No Fix,workaround_stated
Zen 5 (Turin),1509,AMD,No Fix,workaround_stated
Zen 5 (Turin),1517,AMD,No Fix,none_stated
Zen 5 (Turin),1525,AMD,No Fix,none_stated
Zen 5 (Turin),1529,AMD,No Fix,none_stated
Zen 5 (Turin),1533,AMD,No Fix,none_stated
Zen 5 (Turin),1534,AMD,No Fix,workaround_stated
Zen 5 (Turin),1540,AMD,No Fix,workaround_stated
Zen 5 (Turin),1541,AMD,No Fix,none_stated
Zen 5 (Turin),1542,AMD,No Fix,none_stated
Zen 5 (Turin),1543,AMD,No Fix,none_stated
Zen 5 (Turin),1544,AMD,No Fix,none_stated
Zen 5 (Turin),1545,AMD,No Fix,workaround_stated
Zen 5 (Turin),1546,AMD,No Fix,none_with_guidance
Zen 5 (Turin),1548,AMD,No Fix,none_stated
Zen 5 (Turin),1550,AMD,No Fix,none_stated
Zen 5 (Turin),1551,AMD,No Fix,none_stated
Zen 5 (Turin),1556,AMD,No Fix,none_with_guidance
Zen 5 (Turin),1557,AMD,No Fix,workaround_stated
Zen 5 (Turin),1560,AMD,No Fix,workaround_stated
Zen 5 (Turin),1566,AMD,No Fix,workaround_stated
Zen 5 (Turin),1567,AMD,No Fix,workaround_stated
Zen 5 (Turin),1569,AMD,No Fix,none_stated
Zen 5 (Turin),1573,AMD,Plan Fix,none_stated
Zen 5 (Turin),1578,AMD,No Fix,workaround_stated
Zen 5 (Turin),1579,AMD,No Fix,workaround_stated
Zen 5 (Turin),1580,AMD,No Fix,none_stated
Zen 5 (Turin),1582,AMD,No Fix,none_stated
Zen 5 (Turin),1583,AMD,No Fix,none_stated
Zen 5 (Turin),1587,AMD,No Fix,none_stated
Zen 5 (Turin),1590,AMD,No Fix,workaround_stated
Zen 5 (Turin),1593,AMD,No Fix,workaround_stated
Zen 5 (Turin),1595,AMD,Plan Fix,workaround_stated
Zen 5 (Turin),1596,AMD,Plan Fix,none_with_guidance
Zen 5 (Turin),1606,AMD,No Fix,none_with_guidance
Zen 5 (Turin),1608,AMD,No Fix,none_stated
Zen 5 (Turin),1610,AMD,No Fix,none_stated
Zen 5 (Turin),1617,AMD,No Fix,workaround_stated
Zen 5 (Turin),1621,AMD,No Fix,workaround_stated
Zen 5 (Turin),1625,AMD,No Fix,workaround_stated
